,Calories 2050,Î”Calories,Population 2050,min_lon,min_lat,max_lon,max_lat,percent_change_in_production
0,1274431198555.9973,1274431198555.9973,1776.4756757740365,6.055,-46.809999999999995,6.222567567567568,-46.65277777777778,inf
0,8127456945143.1,1554625934329.9658,4486.979228124963,6.055,-46.702777777777776,6.222567567567568,-46.54555555555556,23.65230342560778
0,3795204232938.0156,1775175195785.391,8198.639742899095,6.055,-46.595555555555556,6.222567567567568,-46.43833333333333,87.87869694623933
0,19445943605895.36,-20861470241856.03,23328.913303783367,6.055,-46.48833333333333,6.222567567567568,-46.33111111111111,-51.755913491879404
0,57133446702338.87,-54945175763330.03,35999.86167988737,6.055,-46.38111111111111,6.222567567567568,-46.223888888888894,-49.02377862483137
0,4062470626031.9414,-1737189111997.184,3928.607494197988,6.172567567567567,-46.91722222222222,6.340135135135135,-46.76,-29.95329364938788
0,2651464721456.428,-811398454476.6128,1471.505126829845,6.172567567567567,-46.809999999999995,6.340135135135135,-46.65277777777778,-23.431432697539023
0,465714645182.91077,356107366377.6328,3295.993658705883,6.172567567567567,-46.702777777777776,6.340135135135135,-46.54555555555556,324.8939032692098
0,12265734533767.926,-7568300663743.107,4258.029034675606,6.172567567567567,-46.595555555555556,6.340135135135135,-46.43833333333333,-38.158148800163715
0,29980904154015.65,-30667013288169.51,11848.061370133597,6.172567567567567,-46.48833333333333,6.340135135135135,-46.33111111111111,-50.565649376837975
0,793658217201.2701,-985295221026.7788,2836.759581359892,6.42,-47.0,6.457702702702703,-46.974444444444444,-55.38622877101245
0,3214282053576.382,-2019562208484.6934,12814.986944410006,6.2901351351351344,-47.02444444444444,6.457702702702703,-46.867222222222225,-38.586593474399535
0,4481769252279.606,-202572332962.61035,10119.59855046156,6.2901351351351344,-46.91722222222222,6.457702702702703,-46.76,-4.324456901281593
0,6633874652510.944,1830547784848.0557,5500.583968056094,6.2901351351351344,-46.809999999999995,6.457702702702703,-46.65277777777778,38.10999824250414
0,75770682968966.12,-58765176469854.5,24751.071884063935,6.2901351351351344,-46.702777777777776,6.457702702702703,-46.54555555555556,-43.67993538301036
0,87153910070549.97,-63272853065587.0,29911.564788064185,6.2901351351351344,-46.595555555555556,6.457702702702703,-46.43833333333333,-42.06223131207361
0,21392075454158.453,21392075454158.453,19912.442941340058,6.2901351351351344,-46.48833333333333,6.457702702702703,-46.33111111111111,inf
0,3927107334025.047,-409090007001.2593,8448.039856540045,6.407702702702703,-47.13166666666667,6.575270270270271,-46.974444444444444,-9.434303257619604
0,310538924222.0485,-1679032910859.8018,4214.461813397865,6.407702702702703,-47.02444444444444,6.575270270270271,-46.867222222222225,-84.39167067273684
0,2152182315472.2656,-1884492448515.8423,5260.51968754609,6.407702702702703,-46.91722222222222,6.575270270270271,-46.76,-46.68427749809655
0,31550513256969.43,-27563945874627.48,6536.861445590948,6.407702702702703,-46.809999999999995,6.575270270270271,-46.65277777777778,-46.62809451282697
0,106485399674960.0,-78936831281828.34,41888.5495681013,6.407702702702703,-46.702777777777776,6.575270270270271,-46.54555555555556,-42.571395497999454
0,27982026531486.953,-29863008099861.906,55386.830584999974,6.407702702702703,-46.595555555555556,6.575270270270271,-46.43833333333333,-51.625879887843965
0,8359931969505.392,-3529162786918.4663,10110.262717330615,6.52527027027027,-47.13166666666667,6.692837837837838,-46.974444444444444,-29.684032798305402
0,2392781586934.585,-2073329343623.4253,3595.629445860963,6.52527027027027,-47.02444444444444,6.692837837837838,-46.867222222222225,-46.42359708168683
0,6026747412611.018,-4010388712916.144,7195.704526546187,6.52527027027027,-46.91722222222222,6.692837837837838,-46.76,-39.955507853646
0,40384931910355.41,-32497404948748.35,10550.825128414715,6.52527027027027,-46.809999999999995,6.692837837837838,-46.65277777777778,-44.58886247236059
0,96215770953417.0,-71409981555613.83,49430.56904745729,6.52527027027027,-46.702777777777776,6.692837837837838,-46.54555555555556,-42.60084174820729
0,17766546367492.84,-21526396347960.02,66720.9765694492,6.52527027027027,-46.595555555555556,6.692837837837838,-46.43833333333333,-54.784383302231696
0,6746551524268.598,-7255655854359.699,4630.128669466114,6.52527027027027,-46.38111111111111,6.692837837837838,-46.223888888888894,-51.817943115412476
0,17789556763970.945,-14842380077968.59,40393.03801322047,6.642837837837837,-47.56055555555555,6.8104054054054055,-47.403333333333336,-45.48421428326841
0,858380393106.5195,-802079496282.362,2438.8752645886802,6.642837837837837,-47.34611111111111,6.8104054054054055,-47.18888888888889,-48.30465953486902
0,3217929912279.2935,-4429774593920.698,6505.742001821134,6.642837837837837,-47.23888888888889,6.8104054054054055,-47.08166666666667,-57.92293086545749
0,11714249174452.531,-5785595517745.105,45529.52448916971,6.642837837837837,-47.13166666666667,6.8104054054054055,-46.974444444444444,-33.06083922175967
0,8921247584312.314,-6764605440086.553,18696.561816905123,6.642837837837837,-47.02444444444444,6.8104054054054055,-46.867222222222225,-43.125518450060795
0,15786326462953.512,-6142632755755.133,17995.485205119425,6.642837837837837,-46.91722222222222,6.8104054054054055,-46.76,-28.01151069000374
0,66774783165948.9,-51781944613619.95,17931.468063650093,6.642837837837837,-46.809999999999995,6.8104054054054055,-46.65277777777778,-43.67693473279519
0,166057027866519.62,-128517946848092.72,62834.602606081666,6.642837837837837,-46.702777777777776,6.8104054054054055,-46.54555555555556,-43.62826372898866
0,53340525055261.25,-42025632963280.016,79660.44128893845,6.642837837837837,-46.595555555555556,6.8104054054054055,-46.43833333333333,-44.06765862908026
0,9514343226722.6,9514343226722.6,32946.15511910362,6.642837837837837,-46.48833333333333,6.8104054054054055,-46.33111111111111,inf
0,8709794703103.734,-3534794025774.258,15098.709553632032,6.642837837837837,-46.38111111111111,6.8104054054054055,-46.223888888888894,-28.868213576154645
0,286935919856.7806,-342250226447.5866,2117.9004302771546,6.642837837837837,-46.27388888888889,6.8104054054054055,-46.11666666666667,-54.395702838953476
0,29761030746744.43,-25360487209051.77,30607.751201543204,6.760405405405405,-47.56055555555555,6.927972972972974,-47.403333333333336,-46.00832515060489
0,27103173399491.727,-21729960714760.13,38673.91102667937,6.760405405405405,-47.45333333333333,6.927972972972974,-47.29611111111111,-44.49839460215658
0,735866786898.1343,-704123512250.6814,2073.8886455169877,6.760405405405405,-47.34611111111111,6.927972972972974,-47.18888888888889,-48.897795538406875
0,557620383751.8431,-661970427569.34,4379.394865377886,6.760405405405405,-47.23888888888889,6.927972972972974,-47.08166666666667,-54.27807600913517
0,23051060758815.41,-17185706777236.223,35761.131089824645,6.760405405405405,-47.13166666666667,6.927972972972974,-46.974444444444444,-42.711449824685964
0,8627858925780.554,8627858925780.554,11724.917285501611,6.760405405405405,-47.02444444444444,6.927972972972974,-46.867222222222225,inf
0,23486135883301.58,-18408006905433.5,7865.661694562069,6.760405405405405,-46.91722222222222,6.927972972972974,-46.76,-43.93933299521582
0,48231217686969.34,-38309728028788.05,6263.454903898999,6.760405405405405,-46.809999999999995,6.927972972972974,-46.65277777777778,-44.26774830334747
0,48638952750791.88,-33572990437375.836,11824.054942082596,6.760405405405405,-46.702777777777776,6.927972972972974,-46.54555555555556,-40.837120660843105
0,12072779691206.035,-10544110394323.598,8795.243936314699,6.760405405405405,-46.595555555555556,6.927972972972974,-46.43833333333333,-46.620513936483945
0,8496718175011.389,-10814581978776.88,16363.937224616246,6.760405405405405,-46.48833333333333,6.927972972972974,-46.33111111111111,-56.001314736208485
0,17013915271871.773,-13426798846500.07,19438.093705591586,6.760405405405405,-46.38111111111111,6.927972972972974,-46.223888888888894,-44.10802845915042
0,1970013140026.1204,-337002593524.4265,4464.30649052124,6.760405405405405,-46.27388888888889,6.927972972972974,-46.11666666666667,-14.607728444303769
0,2162962230146.8118,-987744648041.3096,2195.2544762192674,6.760405405405405,-46.166666666666664,6.927972972972974,-46.00944444444445,-31.349937846624833
0,36308138718858.15,-22782125292221.55,12304.183503102606,6.877972972972973,-47.56055555555555,6.92,-47.403333333333336,-38.55478677155648
0,104838229783697.77,-79135314164833.84,29653.717968257148,6.877972972972973,-47.45333333333333,7.045540540540541,-47.29611111111111,-43.01450766582652
0,2940635105305.2524,-2979617853692.491,3046.148981582507,6.877972972972973,-47.34611111111111,7.045540540540541,-47.18888888888889,-50.32923211775937
0,4203567361834.791,-6153924344038.499,6886.73290626016,6.877972972972973,-47.23888888888889,7.045540540540541,-47.08166666666667,-59.41519934357149
0,50899556692235.16,-44746486871322.8,54266.975172769045,6.877972972972973,-47.13166666666667,7.045540540540541,-46.974444444444444,-46.78341644271801
0,32929062723330.188,-19792855811185.418,14343.840760472794,6.877972972972973,-47.02444444444444,7.045540540540541,-46.867222222222225,-37.541987016704596
0,101589519280685.78,-70132835131218.21,16549.764760270282,6.877972972972973,-46.91722222222222,7.045540540540541,-46.76,-40.840830171122164
0,76344706504358.62,-58602342260567.55,21682.25016487771,6.877972972972973,-46.809999999999995,7.045540540540541,-46.65277777777778,-43.42617552359454
0,35623463635949.91,-28581994793865.324,29726.626379375,6.877972972972973,-46.702777777777776,7.045540540540541,-46.54555555555556,-44.51645622172311
0,3832395864720.4834,-2525347652778.567,14777.734719320506,6.877972972972973,-46.595555555555556,7.045540540540541,-46.43833333333333,-39.720816761918776
0,2527041286948.104,230562349740.85046,17786.98493186166,6.877972972972973,-46.48833333333333,7.045540540540541,-46.33111111111111,10.039819917583802
0,46671753608512.555,-37687217153749.68,34167.371005327666,6.877972972972973,-46.38111111111111,7.045540540540541,-46.223888888888894,-44.674818591562236
0,12012340753207.492,2259956061380.179,11603.106891316904,6.877972972972973,-46.27388888888889,7.045540540540541,-46.11666666666667,23.173368696930787
0,11042560912493.957,3900958655267.544,9657.252528738587,6.877972972972973,-46.166666666666664,7.045540540540541,-46.00944444444445,54.62301756332424
0,1490044297775.961,753766349371.8773,7787.863085137531,6.877972972972973,-46.059444444444445,7.045540540540541,-45.90222222222222,102.37524443122336
0,53882775791198.95,-49897313724935.164,8117.729189097575,6.99554054054054,-47.45333333333333,7.1631081081081085,-47.29611111111111,-48.07985226990762
0,2577953833517.472,-1789371779938.3564,3332.892427747235,6.99554054054054,-47.34611111111111,7.1631081081081085,-47.18888888888889,-40.971796891563606
0,4642361885488.762,-4297788005382.946,9015.302860115537,6.99554054054054,-47.23888888888889,7.1631081081081085,-47.08166666666667,-48.072885330157376
0,26470710610858.25,-9074157093798.037,21044.746131078915,6.99554054054054,-47.13166666666667,7.1631081081081085,-46.974444444444444,-25.52874065869528
0,25622307920173.824,-30690377466369.426,8266.213392227837,6.99554054054054,-47.02444444444444,7.1631081081081085,-46.867222222222225,-54.49993594818574
0,41010170984010.8,-33177485840071.05,17615.38342764525,6.99554054054054,-46.91722222222222,7.1631081081081085,-46.76,-44.721032123636775
0,27702380336907.65,-27041345445117.01,23885.951347263068,6.99554054054054,-46.809999999999995,7.1631081081081085,-46.65277777777778,-49.39624597855953
0,16407078350150.15,-6149975553331.336,14792.405314240565,6.99554054054054,-46.702777777777776,7.1631081081081085,-46.54555555555556,-27.264090335760283
0,1168455768415.7026,-394923453625.5897,4198.902091512957,6.99554054054054,-46.595555555555556,7.1631081081081085,-46.43833333333333,-25.26088667789388
0,1624258279658.7004,-1924845113231.0208,1757.3594460297213,6.99554054054054,-46.48833333333333,7.1631081081081085,-46.33111111111111,-54.234686909579985
0,3236305183821.5615,-2206115643135.312,5792.662176009935,6.99554054054054,-46.38111111111111,7.1631081081081085,-46.223888888888894,-40.53555785705127
0,4722712980277.605,-2932384681049.209,5012.453264352418,6.99554054054054,-46.27388888888889,7.1631081081081085,-46.11666666666667,-38.30630007326328
0,15853348611939.775,-15443676740984.574,5174.274371955457,6.99554054054054,-46.166666666666664,7.1631081081081085,-46.00944444444445,-49.345509890579876
0,98935091865.642,-579418954926.9419,4208.2379246439,6.99554054054054,-46.059444444444445,7.1631081081081085,-45.90222222222222,-85.41541952415112
0,109943817958.89148,109943817958.89148,1113.1869599945412,6.99554054054054,-45.95222222222222,7.1631081081081085,-45.92,inf
0,57406151722424.375,-56105197753540.76,18396.481466267618,7.113108108108108,-47.45333333333333,7.280675675675676,-47.29611111111111,-49.42694982709236
0,8035118822015.18,-482153488662.0991,19418.08834888242,7.113108108108108,-47.34611111111111,7.280675675675676,-47.18888888888889,-5.660890847151501
0,9676194962182.84,-4760404978949.927,45926.07511549364,7.113108108108108,-47.23888888888889,7.280675675675676,-47.08166666666667,-32.97455770999499
0,113781801650252.38,-108064847084957.4,79086.95439660898,7.113108108108108,-47.13166666666667,7.280675675675676,-46.974444444444444,-48.71150756662577
0,68119483078400.09,-11077800946251.098,42188.18535525639,7.113108108108108,-47.02444444444444,7.280675675675676,-46.867222222222225,-13.98760207837807
0,81063653470839.19,-60713903207349.016,46221.26526782448,7.113108108108108,-46.91722222222222,7.280675675675676,-46.76,-42.823352743452624
0,44568724968106.56,-39285514048955.72,41352.406008295635,7.113108108108108,-46.809999999999995,7.280675675675676,-46.65277777777778,-46.849765151362334
0,9879780475322.969,2775653302262.5215,15926.486757909124,7.113108108108108,-46.702777777777776,7.280675675675676,-46.54555555555556,39.070996825452006
0,4104406843103.863,-3295589999923.8687,2590.4714120959234,7.113108108108108,-46.595555555555556,7.280675675675676,-46.43833333333333,-44.53501899840633
0,1495678267232.944,-383258835448.61053,2646.041847399166,7.113108108108108,-46.48833333333333,7.280675675675676,-46.33111111111111,-20.397640501198076
0,11377669219095.074,1938088405755.141,11475.517171860662,7.113108108108108,-46.38111111111111,7.280675675675676,-46.223888888888894,20.531509227785307
0,31889455306082.957,-26258309873176.547,18433.8247987914,7.113108108108108,-46.27388888888889,7.280675675675676,-46.11666666666667,-45.15790038056788
0,6059970375061.816,-3335875745667.054,12136.138506745601,7.113108108108108,-46.166666666666664,7.280675675675676,-46.00944444444445,-35.50372901816189
0,1253541258916.5725,-839392615537.7532,2725.618710753408,7.113108108108108,-46.059444444444445,7.280675675675676,-45.90222222222222,-40.106026558369
0,1592896360147.7527,-2914317379.6016235,6405.270654792872,7.113108108108108,-45.95222222222222,7.280675675675676,-45.795,-0.1826230028813436
0,46332408742430.31,-73355206149505.34,5339.207423935481,7.230675675675675,-47.56055555555555,7.398243243243243,-47.403333333333336,-61.288886252547336
0,38927242415639.91,-56705800231717.89,11744.478078728353,7.230675675675675,-47.45333333333333,7.398243243243243,-47.29611111111111,-59.29519616019934
0,5995804280140.8125,-7421818577047.13,10530.375208223124,7.230675675675675,-47.34611111111111,7.398243243243243,-47.18888888888889,-55.313960274797815
0,12911760363104.545,-13264644346020.72,23372.925088543536,7.230675675675675,-47.23888888888889,7.398243243243243,-47.08166666666667,-50.67404975365688
0,82396601242812.28,-66103503950964.164,51556.027056935694,7.230675675675675,-47.13166666666667,7.398243243243243,-46.974444444444444,-44.51411254201221
0,30921481763570.94,-19904988137749.27,61060.349747719774,7.230675675675675,-47.02444444444444,7.398243243243243,-46.867222222222225,-39.1626413882272
0,20853705711870.56,20853705711870.56,37982.17024802462,7.230675675675675,-46.91722222222222,7.398243243243243,-46.76,inf
0,7383067997736.106,-6901467578218.231,5848.677174795602,7.230675675675675,-46.809999999999995,7.398243243243243,-46.65277777777778,-48.31425944176802
0,6370861448492.521,-1527735804036.5332,3892.5978521214874,7.230675675675675,-46.702777777777776,7.398243243243243,-46.54555555555556,-19.341862297730994
0,712213212918.7891,712213212918.7891,1292.7906068946193,7.230675675675675,-46.595555555555556,7.398243243243243,-46.43833333333333,inf
0,116018999687.28712,116018999687.28712,1244.3331873101922,7.230675675675675,-46.48833333333333,7.398243243243243,-46.33111111111111,inf
0,16404286329672.748,-11314390593530.43,13462.715938304591,7.230675675675675,-46.38111111111111,7.398243243243243,-46.223888888888894,-40.818653158943555
0,9085559039753.842,-11145410019564.08,11451.510743809664,7.230675675675675,-46.27388888888889,7.398243243243243,-46.11666666666667,-55.09083616748828
0,1183151866307.1885,1183151866307.1885,6510.187636645394,7.230675675675675,-46.166666666666664,7.398243243243243,-46.00944444444445,inf
0,446719324327.27795,446719324327.27795,801.103395331535,7.230675675675675,-46.059444444444445,7.398243243243243,-45.90222222222222,inf
0,1153083070565.6235,785211043336.0496,3056.3739416783033,7.230675675675675,-45.95222222222222,7.398243243243243,-45.795,213.44679269294681
0,45962124506886.18,-82950829796269.06,24408.758002595958,7.3482432432432425,-47.66777777777778,7.515810810810811,-47.510555555555555,-64.34638802955335
0,41777471843299.39,-71051253943081.22,31019.861549752044,7.3482432432432425,-47.56055555555555,7.515810810810811,-47.403333333333336,-62.97266360838201
0,37768100463095.67,-54230639307704.03,22393.996300241626,7.3482432432432425,-47.45333333333333,7.515810810810811,-47.29611111111111,-58.94715454017205
0,2941159606287.793,2941159606287.793,7272.614009005872,7.3482432432432425,-47.34611111111111,7.515810810810811,-47.18888888888889,inf
0,26095029344265.17,-24972334284767.24,19394.081920831417,7.3482432432432425,-47.23888888888889,7.515810810810811,-47.08166666666667,-48.90077049242888
0,75588346271011.97,-60875568013367.11,49676.41265323883,7.3482432432432425,-47.13166666666667,7.515810810810811,-46.974444444444444,-44.6092788211451
0,16085636645492.172,-13984806764554.938,80373.96567823207,7.3482432432432425,-47.02444444444444,7.515810810810811,-46.867222222222225,-46.50681925056798
0,18874233928021.105,-13490377198453.945,51099.01579700183,7.3482432432432425,-46.91722222222222,7.515810810810811,-46.76,-41.68249433226925
0,3469342450640.457,-2793876994201.0605,8241.317837211984,7.3482432432432425,-46.809999999999995,7.515810810810811,-46.65277777777778,-44.607681701175906
0,3774343480800.718,-2004306945700.735,6793.374574950714,7.3482432432432425,-46.702777777777776,7.515810810810811,-46.54555555555556,-34.6846892919632
0,259368496332.7748,-121709444775.66515,1197.2094581730432,7.3482432432432425,-46.595555555555556,7.515810810810811,-46.43833333333333,-31.93820256865284
0,153829616216.65344,153829616216.65344,1024.7188269917804,7.3482432432432425,-46.48833333333333,7.515810810810811,-46.33111111111111,inf
0,17256624184542.094,-15889490773392.105,18590.75570808775,7.3482432432432425,-46.38111111111111,7.515810810810811,-46.223888888888894,-47.93771696489163
0,3667767115426.565,3667767115426.565,8368.462993185802,7.3482432432432425,-46.27388888888889,7.515810810810811,-46.11666666666667,inf
0,1250575986450.9097,1250575986450.9097,3941.499835188341,7.3482432432432425,-46.166666666666664,7.515810810810811,-46.00944444444445,inf
0,309648283714.3621,309648283714.3621,347.20407977465516,7.3482432432432425,-46.059444444444445,7.515810810810811,-45.90222222222222,inf
0,342196681563.5942,311540676179.51434,1064.2849769276884,7.3482432432432425,-45.95222222222222,7.515810810810811,-45.795,1016.2468080114003
0,69105003783520.3,-96013549280461.6,146905.55820416784,7.46581081081081,-47.66777777777778,7.633378378378379,-47.510555555555555,-58.1482501504584
0,39529605148651.76,-37579858513766.83,233558.98307166624,7.46581081081081,-47.56055555555555,7.633378378378379,-47.403333333333336,-48.735728053160365
0,54729272177792.09,-36977921973369.0,128520.19082496085,7.46581081081081,-47.45333333333333,7.633378378378379,-47.29611111111111,-40.32172428306796
0,8417514220727.145,-10833850664806.408,20605.961973924514,7.46581081081081,-47.34611111111111,7.633378378378379,-47.18888888888889,-56.2757535853861
0,59689592946526.78,-61610003041884.31,62019.2731793125,7.46581081081081,-47.23888888888889,7.633378378378379,-47.08166666666667,-50.79159789433305
0,142491224051085.9,-111534181318757.23,93060.47377622098,7.46581081081081,-47.13166666666667,7.633378378378379,-46.974444444444444,-43.9067034088072
0,32967522704598.445,-26911284963250.516,60403.729484176656,7.46581081081081,-47.02444444444444,7.633378378378379,-46.867222222222225,-44.94292056135936
0,55239954574926.54,-44860251155346.7,56186.600289884234,7.46581081081081,-46.91722222222222,7.633378378378379,-46.76,-44.815343613004835
0,38554053072727.375,-24495989963195.83,43086.20358975678,7.46581081081081,-46.809999999999995,7.633378378378379,-46.65277777777778,-38.85166255832541
0,16268361352852.756,-6160615303148.659,42452.25606381738,7.46581081081081,-46.702777777777776,7.633378378378379,-46.54555555555556,-27.467215279749457
0,122135430599.10794,-521170662224.0138,3384.0172282262174,7.46581081081081,-46.595555555555556,7.633378378378379,-46.43833333333333,-81.01441413944616
0,1176071276153.155,-633518270714.077,2272.1639586789543,7.46581081081081,-46.48833333333333,7.633378378378379,-46.33111111111111,-35.00894839997424
0,20718104330918.805,-14983536847678.586,25653.535753388584,7.46581081081081,-46.38111111111111,7.633378378378379,-46.223888888888894,-41.96876208778042
0,1446394199682.729,1446394199682.729,5441.012461411019,7.46581081081081,-46.27388888888889,7.633378378378379,-46.11666666666667,inf
0,2498722024616.3413,2498722024616.3413,1272.785250185452,7.46581081081081,-46.166666666666664,7.5,-46.00944444444445,inf
0,827975587124.5475,645981337171.9974,723.3047859069964,7.46581081081081,-46.059444444444445,7.633378378378379,-45.90222222222222,354.94601469025486
0,1346895161760.875,887055034275.4462,2506.448913917422,7.46581081081081,-45.95222222222222,7.633378378378379,-45.795,192.90509489160547
0,15318700623570.77,-16728148120946.918,32423.34846377072,7.583378378378378,-47.66777777777778,7.750945945945946,-47.510555555555555,-52.199042265610075
0,17659190943138.46,-19557814600816.83,48027.526696921035,7.583378378378378,-47.56055555555555,7.750945945945946,-47.403333333333336,-52.550747474076054
0,13723426402548.43,13723426402548.43,42129.9475390586,7.583378378378378,-47.45333333333333,7.750945945945946,-47.29611111111111,inf
0,19473048861832.49,-18789976281045.555,12446.443817478903,7.583378378378378,-47.34611111111111,7.750945945945946,-47.18888888888889,-49.10739862016102
0,36524782580140.41,-27163358199961.39,13026.154598562323,7.583378378378378,-47.23888888888889,7.750945945945946,-47.08166666666667,-42.65057492218094
0,39889457129410.086,-27226834520769.082,22085.469243438027,7.583378378378378,-47.13166666666667,7.750945945945946,-46.974444444444444,-40.5666550569863
0,15612357396444.56,-12565904006606.273,8966.845440531111,7.583378378378378,-47.02444444444444,7.750945945945946,-46.867222222222225,-44.594319808694
0,3697247854295.8687,-2366058368684.072,11805.827839303132,7.583378378378378,-46.91722222222222,7.750945945945946,-46.76,-39.022577479539244
0,698274201932.4104,-218018451078.2838,14346.952704849775,7.583378378378378,-46.809999999999995,7.750945945945946,-46.65277777777778,-23.793539145155552
0,3405658948536.3433,1111377874285.271,18467.611623455767,7.583378378378378,-46.702777777777776,7.750945945945946,-46.54555555555556,48.441225739878476
0,1170995321079.703,1170995321079.703,698.8537943735699,7.583378378378378,-46.48833333333333,7.750945945945946,-46.33111111111111,inf
0,11855828540099.076,1208257811493.637,4258.918161640458,7.583378378378378,-46.38111111111111,7.750945945945946,-46.223888888888894,11.347732194420356
0,752414673243.5565,479300493017.9054,854.4510132226472,7.583378378378378,-46.27388888888889,7.750945945945946,-46.11666666666667,175.49454686750425
0,833505001203.3273,-75090786911.61206,596.159629933179,7.583378378378378,-46.166666666666664,7.750945945945946,-46.00944444444445,-8.264487673600451
0,1390951095275.41,207988632074.00586,717.9700241178851,7.583378378378378,-46.059444444444445,7.750945945945946,-45.90222222222222,17.5820145223488
0,456263616201.35754,456263616201.35754,1550.6374267016613,7.583378378378378,-45.95222222222222,7.750945945945946,-45.795,inf
0,33982032814307.14,-27198318407195.117,29056.66921135912,7.7009459459459455,-47.66777777777778,7.868513513513514,-47.510555555555555,-44.455969709497325
0,51688673058906.484,-45630302982506.875,39531.47398427899,7.7009459459459455,-47.56055555555555,7.868513513513514,-47.403333333333336,-46.887364457152984
0,61753140752377.05,-35710609735711.164,76880.58583332908,7.7009459459459455,-47.45333333333333,7.868513513513514,-47.29611111111111,-36.63988873491548
0,56887761135680.14,-40435341351103.836,47219.31028587069,7.7009459459459455,-47.34611111111111,7.868513513513514,-47.18888888888889,-41.54752604253935
0,66033559964930.11,-39138437005118.28,30978.961709368858,7.7009459459459455,-47.23888888888889,7.868513513513514,-47.08166666666667,-37.2137433277647
0,72786829781661.17,-56825020348767.266,32770.10798006295,7.7009459459459455,-47.13166666666667,7.868513513513514,-46.974444444444444,-43.84245753114722
0,6344843834641.613,6344843834641.613,12141.917832017138,7.7009459459459455,-47.02444444444444,7.868513513513514,-46.867222222222225,inf
0,928972649114.4213,-77385474911.18454,8822.806872225108,7.7009459459459455,-46.91722222222222,7.868513513513514,-46.76,-7.6896557064228155
0,2509774790781.159,-55844833686.94408,7017.4345700933845,7.7009459459459455,-46.809999999999995,7.868513513513514,-46.65277777777778,-2.176660684785703
0,6229275803989.963,2833738906016.963,20214.301545907267,7.7009459459459455,-46.702777777777776,7.868513513513514,-46.54555555555556,83.4548111583942
0,672143391326.7993,303924741910.12616,1751.580120758184,7.7009459459459455,-46.595555555555556,7.868513513513514,-46.43833333333333,82.53920391908436
0,1809650761590.0078,795494293420.2131,1154.0868003777275,7.7009459459459455,-46.48833333333333,7.868513513513514,-46.33111111111111,78.43900999377425
0,14104104917833.113,-961533407737.6719,13280.00034702753,7.7009459459459455,-46.38111111111111,7.868513513513514,-46.223888888888894,-6.382294509922415
0,9039128463253.334,2226344878158.3745,3544.5046453819805,7.7009459459459455,-46.27388888888889,7.868513513513514,-46.11666666666667,32.6789314580487
0,558955962803.4319,375336681656.73584,1026.0525174390582,7.7009459459459455,-46.166666666666664,7.868513513513514,-46.00944444444445,204.4102772392808
0,180395897720.32407,88605837393.08641,740.6427617216078,7.7009459459459455,-46.059444444444445,7.868513513513514,-45.90222222222222,96.53097195622348
0,782889414962.2874,244297605363.17688,1071.8425561289296,7.7009459459459455,-45.95222222222222,7.868513513513514,-45.795,45.35858158426409
0,4893864606035.426,-5710730624855.184,7245.495636577891,7.818513513513513,-47.66777777777778,7.986081081081082,-47.510555555555555,-53.851471937562835
0,22890766128737.73,-25884305475289.48,8609.416400660659,7.818513513513513,-47.56055555555555,7.986081081081082,-47.403333333333336,-53.06871855653471
0,37151092151989.805,-31156264438953.09,41273.71827190624,7.818513513513513,-47.45333333333333,7.986081081081082,-47.29611111111111,-45.61187256232399
0,16537821290640.127,-15420562758680.205,41581.80076522741,7.818513513513513,-47.34611111111111,7.986081081081082,-47.18888888888889,-48.252010285883514
0,26377397117768.55,-14022035656117.033,16496.8617058616,7.818513513513513,-47.23888888888889,7.986081081081082,-47.08166666666667,-34.70849636577312
0,25161390201198.566,-7001466249503.611,11615.999232307258,7.818513513513513,-47.13166666666667,7.986081081081082,-46.974444444444444,-21.76879488373539
0,598627665072.9652,11580491437.731934,2718.950258517019,7.818513513513513,-47.02444444444444,7.986081081081082,-46.867222222222225,1.9726679486455678
0,2691099170782.177,-327975201294.6406,1705.3455185858872,7.818513513513513,-46.91722222222222,7.986081081081082,-46.76,-10.863435638686402
0,2244553035859.132,-1328988310882.5771,1441.2748100248816,7.818513513513513,-46.809999999999995,7.986081081081082,-46.65277777777778,-37.189672146771855
0,2763977888359.747,2580151802299.66,4913.315607771436,7.818513513513513,-46.702777777777776,7.986081081081082,-46.54555555555556,1403.5830591836082
0,89509141917.41533,89509141917.41533,657.9539539903839,7.818513513513513,-46.595555555555556,7.986081081081082,-46.43833333333333,inf
0,88894727356.99907,88894727356.99907,852.6727592929436,7.818513513513513,-46.48833333333333,7.986081081081082,-46.33111111111111,inf
0,9594063518781.742,-3620037192744.3496,10295.201126019805,7.818513513513513,-46.38111111111111,7.986081081081082,-46.223888888888894,-27.3952595925559
0,1315856905787.21,1315856905787.21,1899.6197604060205,7.818513513513513,-46.27388888888889,7.986081081081082,-46.11666666666667,inf
0,898750079366.2909,-123151570005.30734,473.4601087836209,7.818513513513513,-46.059444444444445,7.986081081081082,-45.90222222222222,-12.051215504059265
0,9083382455686.928,-12245925380594.322,5947.370267894159,7.936081081081081,-47.66777777777778,8.10364864864865,-47.510555555555555,-57.413608892473974
0,24470538060076.72,-26038255178148.32,10020.905457363002,7.936081081081081,-47.56055555555555,8.10364864864865,-47.403333333333336,-51.55192493975995
0,41916697789752.66,-35662798561585.15,51948.132048435364,7.936081081081081,-47.45333333333333,8.10364864864865,-47.29611111111111,-45.96936077037341
0,24107464514286.03,-14987260014872.867,29108.238575320524,7.936081081081081,-47.34611111111111,8.10364864864865,-47.18888888888889,-38.33576063106566
0,24969751255748.605,-20919858151028.51,17716.29933815594,7.936081081081081,-47.23888888888889,8.10364864864865,-47.08166666666667,-45.587352826627026
0,27301982173113.5,-21682392554331.535,17450.005812182804,7.936081081081081,-47.13166666666667,8.10364864864865,-46.974444444444444,-44.26389573200633
0,2690742142578.937,-546371291616.4546,3496.047225797553,7.936081081081081,-47.02444444444444,8.10364864864865,-46.867222222222225,-16.87834864990634
0,1867598416583.7607,-236604652284.024,2103.6743988395247,7.936081081081081,-46.91722222222222,8.10364864864865,-46.76,-11.244383005834823
0,1257362013327.4563,341069299054.8362,1535.9668317816056,7.936081081081081,-46.809999999999995,8.10364864864865,-46.65277777777778,37.22274484367007
0,457979105041.5464,90326883760.0493,3051.4837433716184,7.936081081081081,-46.702777777777776,8.10364864864865,-46.54555555555556,24.568567393718954
0,999365410837.644,999365410837.644,866.0096637657215,7.936081081081081,-46.48833333333333,8.10364864864865,-46.33111111111111,inf
0,2077778139938.4453,-784677129003.479,5442.346151858299,7.936081081081081,-46.38111111111111,8.10364864864865,-46.223888888888894,-27.412729816858462
0,254614381655.2343,-115861902595.56993,860.6749019766103,7.936081081081081,-46.27388888888889,8.10364864864865,-46.11666666666667,-31.273770419575364
0,44831520659483.12,-45527842762434.95,17425.110257166954,8.053648648648648,-47.66777777777778,8.221216216216217,-47.510555555555555,-50.3853071096243
0,53377654077148.89,-34971202025882.58,34208.27084571085,8.053648648648648,-47.56055555555555,8.221216216216217,-47.403333333333336,-39.5830841149766
0,99651229339504.31,-75858534394090.75,136266.7095062328,8.053648648648648,-47.45333333333333,8.221216216216217,-47.29611111111111,-43.22183152684078
0,54627435881608.56,-38351800325264.24,47694.993212066445,8.053648648648648,-47.34611111111111,8.221216216216217,-47.18888888888889,-41.24770420778029
0,42573572078428.64,-30559762271649.76,30828.699252308892,8.053648648648648,-47.23888888888889,8.221216216216217,-47.08166666666667,-41.78636533289283
0,39157571995344.88,-31630603888472.543,70358.83954614062,8.053648648648648,-47.13166666666667,8.221216216216217,-46.974444444444444,-44.68345665579366
0,3082562576108.9907,-1118866822081.5762,14667.482975678875,8.053648648648648,-47.02444444444444,8.221216216216217,-46.867222222222225,-26.630622962828777
0,1024802500097.7124,-987913552219.5354,6583.096047763245,8.053648648648648,-46.91722222222222,8.221216216216217,-46.76,-49.083602780538605
0,765102754114.8964,398585643901.0789,1766.2507156782394,8.053648648648648,-46.809999999999995,8.08,-46.65277777777778,108.74953250301287
0,2536859543406.1265,-768890809310.6482,4031.746222120805,8.053648648648648,-46.702777777777776,8.221216216216217,-46.54555555555556,-23.259191628876273
0,797913334633.399,797913334633.399,150.2624570599661,8.053648648648648,-46.595555555555556,8.221216216216217,-46.43833333333333,inf
0,2442779667118.92,-1613846747999.8564,1147.8629116237644,8.053648648648648,-46.48833333333333,8.221216216216217,-46.33111111111111,-39.78297685942085
0,1717353310451.1685,1196459208423.3843,4049.084197935417,8.053648648648648,-46.38111111111111,8.221216216216217,-46.223888888888894,229.69336833834336
0,1634284381567.7344,-1078488809546.1064,3372.4585776831436,8.053648648648648,-46.27388888888889,8.221216216216217,-46.11666666666667,-39.75595206701702
0,3538864311970.7466,735947383656.6208,4349.164548572923,8.053648648648648,-46.166666666666664,8.221216216216217,-46.00944444444445,26.25648217477754
0,24428561012794.54,-20926012134543.484,11596.438439080515,8.171216216216216,-47.66777777777778,8.338783783783784,-47.510555555555555,-46.13870373460165
0,29510514991289.57,-19717896606260.785,24947.124379813773,8.171216216216216,-47.56055555555555,8.338783783783784,-47.403333333333336,-40.053895639488736
0,51069617184123.41,-37293743788500.375,97819.52585559062,8.171216216216216,-47.45333333333333,8.338783783783784,-47.29611111111111,-42.20498561621542
0,36321384959608.8,-24802910152896.76,23664.55873301495,8.171216216216216,-47.34611111111111,8.338783783783784,-47.18888888888889,-40.577826062851855
0,11852264003136.7,-8968983340574.186,10368.99866410251,8.171216216216216,-47.23888888888889,8.338783783783784,-47.08166666666667,-43.07610967064992
0,22179808097128.22,-24426015301612.83,107477.66751129407,8.171216216216216,-47.13166666666667,8.338783783783784,-46.974444444444444,-52.40979242579511
0,2823001523128.5483,-1671551274459.0645,19861.762704343502,8.171216216216216,-47.02444444444444,8.338783783783784,-46.867222222222225,-37.19060270815477
0,428367624090.05615,-120554952314.7013,5115.147428792809,8.171216216216216,-46.91722222222222,8.338783783783784,-46.76,-21.96210494825923
0,239453901123.5635,239453901123.5635,1540.857030088291,8.171216216216216,-46.809999999999995,8.338783783783784,-46.65277777777778,inf
0,314710567067.39954,314710567067.39954,846.0043070565544,8.171216216216216,-46.702777777777776,8.338783783783784,-46.54555555555556,inf
0,1117825441458.0977,1117825441458.0977,182.71559127705933,8.171216216216216,-46.595555555555556,8.338783783783784,-46.43833333333333,inf
0,149928051592.64832,149928051592.64832,304.08142197933967,8.171216216216216,-46.48833333333333,8.338783783783784,-46.33111111111111,inf
0,1368379348989.0352,1368379348989.0352,1110.5195790999858,8.171216216216216,-46.38111111111111,8.338783783783784,-46.223888888888894,inf
0,3684761036882.33,-593074372304.8081,2190.808841395008,8.171216216216216,-46.27388888888889,8.338783783783784,-46.11666666666667,-13.863889457530632
0,37459572664615.59,-27113560841732.195,6518.634342811486,8.42,-47.775,8.456351351351351,-47.61777777777778,-41.988919182722995
0,64489858549040.67,-50237387788108.72,18632.54467543579,8.288783783783783,-47.66777777777778,8.456351351351351,-47.510555555555555,-43.788541425003714
0,58034680574192.58,-35581681531831.984,53695.266534369286,8.288783783783783,-47.56055555555555,8.456351351351351,-47.403333333333336,-38.00797289210427
0,99659030012320.64,-77685463299362.0,313697.33010421257,8.288783783783783,-47.45333333333333,8.456351351351351,-47.29611111111111,-43.8048353510644
0,66927529289729.19,-45853123011027.64,87900.86999918558,8.288783783783783,-47.34611111111111,8.456351351351351,-47.18888888888889,-40.65690530743626
0,55352148024543.36,-42341086695398.58,50638.89259269099,8.288783783783783,-47.23888888888889,8.456351351351351,-47.08166666666667,-43.34085857304054
0,34048098001572.375,-18965865982199.64,111528.97452664161,8.288783783783783,-47.13166666666667,8.456351351351351,-46.974444444444444,-35.7752270477364
0,2644481714148.812,-2143193194223.4968,23915.737100585604,8.288783783783783,-47.02444444444444,8.456351351351351,-46.867222222222225,-44.76480202270311
0,1652666710427.7993,1012257166405.9952,8996.63119385365,8.288783783783783,-46.91722222222222,8.456351351351351,-46.76,158.06403509369477
0,3550168862537.632,3550168862537.632,2159.689397625192,8.288783783783783,-46.809999999999995,8.456351351351351,-46.65277777777778,inf
0,857945949264.9504,306467617342.705,924.692043445945,8.288783783783783,-46.702777777777776,8.456351351351351,-46.54555555555556,55.572014275606186
0,743487885593.7491,-177058614855.27948,295.6347158132468,8.288783783783783,-46.595555555555556,8.456351351351351,-46.43833333333333,-19.23407614595384
0,1458597923083.9343,1458597923083.9343,128.0342829386693,8.42,-46.48833333333333,8.456351351351351,-46.33111111111111,inf
0,6242326646057.978,2543195595677.139,1316.3524714631938,8.288783783783783,-46.38111111111111,8.456351351351351,-46.223888888888894,68.75116239570124
0,6321222425566.463,-4112521632727.7266,2345.0723697968074,8.288783783783783,-46.27388888888889,8.456351351351351,-46.11666666666667,-39.41558859169564
0,2735094118881.1567,-922260115705.1216,971.815772583094,8.42,-46.166666666666664,8.456351351351351,-46.00944444444445,-25.21659255709061
0,20152257593523.12,-17010658669271.627,13111.066223705677,8.40635135135135,-47.775,8.573918918918919,-47.61777777777778,-45.773207218136605
0,27910349229783.8,-24283530333627.965,17153.481969404704,8.40635135135135,-47.66777777777778,8.573918918918919,-47.510555555555555,-46.525628170876324
0,31192105331459.64,-18139291681628.344,40466.83555130317,8.40635135135135,-47.56055555555555,8.573918918918919,-47.403333333333336,-36.770277713432385
0,34149837009074.793,-25059496190269.31,252838.8121775142,8.40635135135135,-47.45333333333333,8.573918918918919,-47.29611111111111,-42.323557513981434
0,5375101419168.168,-2802250813211.794,102993.35566406364,8.40635135135135,-47.34611111111111,8.573918918918919,-47.18888888888889,-34.26843718576396
0,11214840684336.453,-8379551544622.518,47071.71520970528,8.40635135135135,-47.23888888888889,8.573918918918919,-47.08166666666667,-42.7650495443191
0,3063190684642.6196,-781411654803.6979,30905.164171286153,8.40635135135135,-47.13166666666667,8.573918918918919,-46.974444444444444,-20.324901922528436
0,1084187858100.016,1084187858100.016,3948.612850907156,8.40635135135135,-47.02444444444444,8.573918918918919,-46.867222222222225,inf
0,2902015243043.084,-848955695722.7588,1936.0739659649475,8.40635135135135,-46.91722222222222,8.573918918918919,-46.76,-22.632958494796686
0,1910364170420.765,1910364170420.765,1057.6165246912994,8.40635135135135,-46.809999999999995,8.573918918918919,-46.65277777777778,inf
0,703629835428.851,611858580187.4376,729.5286746609595,8.40635135135135,-46.702777777777776,8.573918918918919,-46.54555555555556,666.7213808701683
0,70216073011.77016,70216073011.77016,369.432253895952,8.40635135135135,-46.595555555555556,8.573918918918919,-46.43833333333333,inf
0,1134557347915.9443,1134557347915.9443,190.27317047830024,8.40635135135135,-46.48833333333333,8.573918918918919,-46.33111111111111,inf
0,3192302418605.9043,-1244116114034.8806,530.3642345341407,8.40635135135135,-46.38111111111111,8.573918918918919,-46.223888888888894,-28.04325391937985
0,3602481546089.98,-657995722794.2676,569.4858209876228,8.40635135135135,-46.27388888888889,8.573918918918919,-46.11666666666667,-15.444178698002686
0,684461297633.148,684461297633.148,729.0841111785335,8.40635135135135,-46.166666666666664,8.573918918918919,-46.00944444444445,inf
0,17648621685212.863,-14689269373030.945,18241.773374383392,8.523918918918918,-47.775,8.691486486486488,-47.61777777777778,-45.42432698092181
0,34512393046651.023,-28651432482441.92,22643.840977365,8.523918918918918,-47.66777777777778,8.691486486486488,-47.510555555555555,-45.36050855444975
0,28543692667970.17,-19551841891460.49,38798.388801758636,8.523918918918918,-47.56055555555555,8.691486486486488,-47.403333333333336,-40.652093942943246
0,52013041244980.19,-35826937417191.44,195763.5294862605,8.523918918918918,-47.45333333333333,8.691486486486488,-47.29611111111111,-40.786596220588955
0,13301136695825.95,-11023896999604.316,86648.0901057093,8.523918918918918,-47.34611111111111,8.691486486486488,-47.18888888888889,-45.31914379907017
0,7729033831346.843,-6681654214991.003,43419.62620157623,8.523918918918918,-47.23888888888889,8.691486486486488,-47.08166666666667,-46.36596249607246
0,3267864164518.206,-4213101401749.0977,28528.52779423711,8.523918918918918,-47.13166666666667,8.691486486486488,-46.974444444444444,-56.317615211952685
0,511820941004.6295,511820941004.6295,4588.339702118076,8.523918918918918,-47.02444444444444,8.691486486486488,-46.867222222222225,inf
0,109999059822.43744,109999059822.43744,3084.826004553563,8.523918918918918,-46.91722222222222,8.691486486486488,-46.76,inf
0,395430563842.5178,-337603754604.2047,2060.996304526635,8.523918918918918,-46.809999999999995,8.691486486486488,-46.65277777777778,-46.05565470926065
0,69883053210.72194,69883053210.72194,692.6299056196068,8.523918918918918,-46.702777777777776,8.691486486486488,-46.54555555555556,inf
0,950508695011.456,-246201675562.0641,486.35244977397286,8.523918918918918,-46.595555555555556,8.691486486486488,-46.43833333333333,-20.573204813464805
0,981569481922.2528,-216979071369.32275,252.5120580179311,8.523918918918918,-46.48833333333333,8.691486486486488,-46.33111111111111,-18.103486151932092
0,2602279672135.4404,753983263280.3663,919.8018451392596,8.523918918918918,-46.38111111111111,8.691486486486488,-46.223888888888894,40.793417098473974
0,1732611288396.4944,1732611288396.4944,2064.5528123860427,8.523918918918918,-46.27388888888889,8.691486486486488,-46.11666666666667,inf
0,2727767826534.0723,2727767826534.0723,2029.4322972743937,8.523918918918918,-46.166666666666664,8.691486486486488,-46.00944444444445,inf
0,69652462692785.05,-50343929153247.375,32727.87444923249,8.641486486486487,-47.775,8.809054054054053,-47.61777777777778,-41.95453578124562
0,81990217190150.03,-53001993906099.64,42337.55868535151,8.641486486486487,-47.66777777777778,8.809054054054053,-47.510555555555555,-39.26300152851717
0,81113070332913.81,-48222685349398.36,56659.17127170299,8.641486486486487,-47.56055555555555,8.809054054054053,-47.403333333333336,-37.28488312841183
0,84470793779013.19,-60367760497928.58,180089.11022288687,8.641486486486487,-47.45333333333333,8.809054054054053,-47.29611111111111,-41.679344839704115
0,49103949000867.45,-35248109223104.086,99361.27201264378,8.641486486486487,-47.34611111111111,8.809054054054053,-47.18888888888889,-41.786898820551976
0,10542969130717.564,-10606530437844.531,67043.72965769042,8.641486486486487,-47.23888888888889,8.809054054054053,-47.08166666666667,-50.15026669288536
0,5489666571522.2,-1990938306879.227,45725.57698491955,8.641486486486487,-47.13166666666667,8.809054054054053,-46.974444444444444,-26.614670060005665
0,3177423796426.6094,1452822442129.7173,7701.173206064474,8.641486486486487,-47.02444444444444,8.809054054054053,-46.867222222222225,84.24105886905224
0,2209249841988.7295,1111404542378.728,5536.593610132596,8.641486486486487,-46.91722222222222,8.809054054054053,-46.76,101.23507772666542
0,1691281711456.538,1691281711456.538,3577.4023430815,8.641486486486487,-46.809999999999995,8.809054054054053,-46.65277777777778,inf
0,589022011778.3422,129598504539.08514,2021.874718073153,8.641486486486487,-46.702777777777776,8.809054054054053,-46.54555555555556,28.208940660842874
0,1222804980453.9358,762531730229.4214,1006.9362876947428,8.641486486486487,-46.595555555555556,8.809054054054053,-46.43833333333333,165.66935616125198
0,2935319652085.279,2935319652085.279,1167.4237048505056,8.641486486486487,-46.48833333333333,8.809054054054053,-46.33111111111111,inf
0,16183090987392.656,-2728774028850.837,5225.399172434441,8.641486486486487,-46.38111111111111,8.809054054054053,-46.223888888888894,-14.428899669636387
0,6480138785864.777,4288628420966.963,16805.3887626652,8.641486486486487,-46.27388888888889,8.809054054054053,-46.11666666666667,195.69281942077117
0,714463874886.445,714463874886.445,13465.827882681573,8.641486486486487,-46.166666666666664,8.809054054054053,-46.00944444444445,inf
0,25616272267228.23,-21644695838557.45,10509.925288031529,8.759054054054053,-47.775,8.926621621621623,-47.61777777777778,-45.79824896965602
0,25355771546050.11,-17618929152301.57,15189.84506752935,8.759054054054053,-47.66777777777778,8.926621621621623,-47.510555555555555,-40.99837547670775
0,37041482134882.336,-22786594122745.203,20264.5372194214,8.759054054054053,-47.56055555555555,8.926621621621623,-47.403333333333336,-38.086790597483265
0,17462567364125.664,-3474474473562.374,44280.30110355283,8.759054054054053,-47.45333333333333,8.926621621621623,-47.29611111111111,-16.594868083551773
0,6745359298010.76,-6498175132254.093,27108.14746788625,8.759054054054053,-47.34611111111111,8.926621621621623,-47.18888888888889,-49.066774179286355
0,5076405173516.045,-6532522640914.07,24922.22882479792,8.759054054054053,-47.23888888888889,8.926621621621623,-47.08166666666667,-56.27154156987713
0,983967159439.723,-1204608756239.8608,2469.1055813936428,8.759054054054053,-47.0,8.926621621621623,-46.974444444444444,-55.0407572161285
0,4888779841307.225,-4571208762557.881,1265.672234466637,8.759054054054053,-47.02444444444444,8.926621621621623,-46.867222222222225,-48.32150390424575
0,2541757195383.7217,2541757195383.7217,749.9785948525522,8.759054054054053,-46.91722222222222,8.926621621621623,-46.76,inf
0,831335867490.7186,30832467697.96985,536.5881232881036,8.759054054054053,-46.809999999999995,8.926621621621623,-46.65277777777778,3.8516348220322794
0,454730723989.88367,255984120249.88583,958.0343046278902,8.759054054054053,-46.702777777777776,8.926621621621623,-46.54555555555556,128.79924256958205
0,2836889019362.601,-1126109957137.026,439.6732841192498,8.759054054054053,-46.595555555555556,8.926621621621623,-46.43833333333333,-28.415600503931437
0,2266189860009.324,2266189860009.324,1021.1623191323728,8.759054054054053,-46.48833333333333,8.926621621621623,-46.33111111111111,inf
0,11190509527154.426,-4847753561158.456,4546.550734770038,8.759054054054053,-46.38111111111111,8.926621621621623,-46.223888888888894,-30.22617558064018
0,5192228597758.637,-4412348075595.789,12094.79410287999,8.759054054054053,-46.27388888888889,8.926621621621623,-46.11666666666667,-45.94005780428388
0,2370971944620.39,2370971944620.39,19565.683425047828,8.759054054054053,-46.166666666666664,8.926621621621623,-46.00944444444445,inf
0,19228510037894.5,-8010572919683.448,16595.110235477732,8.876621621621622,-47.775,9.04418918918919,-47.61777777777778,-29.408379614538006
0,52259751943005.22,-35334619404740.28,22407.777768196833,8.876621621621622,-47.66777777777778,9.04418918918919,-47.510555555555555,-40.33891545892089
0,42048620708874.58,-27602207675821.83,32365.555211055347,8.876621621621622,-47.56055555555555,9.04418918918919,-47.403333333333336,-39.62940329060976
0,21525690888472.82,-23703882197716.477,80464.65662864698,8.876621621621622,-47.45333333333333,9.04418918918919,-47.29611111111111,-52.40792822109211
0,1335159180765.4775,-535842792433.6234,21696.920759797762,8.876621621621622,-47.34611111111111,9.04418918918919,-47.18888888888889,-28.63934940257823
0,3539199825552.252,-5833542129217.178,25982.512730383773,8.876621621621622,-47.23888888888889,9.04418918918919,-47.08166666666667,-62.23944025524688
0,9218460488418.258,-8997846507659.504,25668.65091179107,8.876621621621622,-47.13166666666667,9.04418918918919,-46.974444444444444,-49.39446019216119
0,2002179548236.3372,2002179548236.3372,3310.6642536259387,8.876621621621622,-47.02444444444444,9.04418918918919,-46.867222222222225,inf
0,2727037807737.801,2727037807737.801,1676.8934557106272,8.876621621621622,-46.91722222222222,9.04418918918919,-46.76,inf
0,1447130309494.7324,-847024026786.1125,1131.8586262564306,8.876621621621622,-46.809999999999995,9.04418918918919,-46.65277777777778,-36.92096967457126
0,697527313230.3706,-242444756999.35522,1824.0439683936117,8.876621621621622,-46.702777777777776,9.04418918918919,-46.54555555555556,-25.79276179345441
0,1373443296217.3218,-721833801271.1987,400.99626114819335,8.876621621621622,-46.595555555555556,9.04418918918919,-46.43833333333333,-34.45051741062871
0,3587713327358.51,-84654052657.98047,1814.708135262667,8.876621621621622,-46.48833333333333,9.04418918918919,-46.33111111111111,-2.3051629615989166
0,12507821149024.719,1355602075039.2427,10268.971880556674,8.876621621621622,-46.38111111111111,9.04418918918919,-46.223888888888894,12.155446965720241
0,8121821975556.537,-3262049892696.4897,23300.90580439054,8.876621621621622,-46.27388888888889,9.04418918918919,-46.11666666666667,-28.655012375829614
0,5693193668824.135,-4968999320046.33,25838.474162077768,8.876621621621622,-46.166666666666664,9.04418918918919,-46.00944444444445,-46.60391464713807
0,11449670747131.568,-13926917374439.182,12035.222596234917,8.99418918918919,-47.775,9.161756756756757,-47.61777777777778,-54.88096866182316
0,25976754022155.34,-20514079026451.496,11990.76624799232,8.99418918918919,-47.66777777777778,9.161756756756757,-47.510555555555555,-44.12499772805476
0,18604676006408.688,-15118418494906.36,14636.808095391487,8.99418918918919,-47.56055555555555,9.161756756756757,-47.403333333333336,-44.83105337298393
0,8432021873787.814,-7209132224544.277,45566.86782169349,8.99418918918919,-47.45333333333333,9.161756756756757,-47.29611111111111,-46.09079470237448
0,1551307464193.0195,-2220998899206.244,6417.7184323008,8.99418918918919,-47.34611111111111,9.161756756756757,-47.18888888888889,-58.87641896627079
0,1409341514395.4092,-425811200654.0847,4843.519141030562,8.99418918918919,-47.23888888888889,9.161756756756757,-47.08166666666667,-23.20303902569768
0,4001229481748.574,-2272688625739.7407,7719.844872326363,8.99418918918919,-47.13166666666667,9.161756756756757,-46.974444444444444,-36.2243909914467
0,477542137699.2578,-354010673137.6521,1436.8291752006219,8.99418918918919,-47.02444444444444,9.161756756756757,-46.867222222222225,-42.572241777568024
0,527284316707.7354,527284316707.7354,1140.7498959049494,8.99418918918919,-46.91722222222222,9.161756756756757,-46.76,inf
0,334246413562.9138,334246413562.9138,1242.1103698980623,8.99418918918919,-46.809999999999995,9.161756756756757,-46.65277777777778,inf
0,77422051419.43211,77422051419.43211,256.5131293597645,8.99418918918919,-46.595555555555556,9.161756756756757,-46.43833333333333,inf
0,841959457027.3951,841959457027.3951,448.5645537677685,8.99418918918919,-46.48833333333333,9.161756756756757,-46.33111111111111,inf
0,3193949787765.6533,-1958769594316.6313,3036.8131484515625,8.99418918918919,-46.38111111111111,9.161756756756757,-46.223888888888894,-38.01428816651502
0,20054391445274.61,-7630836077025.634,26716.487039868996,9.111756756756757,-47.66777777777778,9.279324324324325,-47.510555555555555,-27.56284401448047
0,24528879440487.05,-21436679950528.48,35927.84239573437,9.111756756756757,-47.56055555555555,9.279324324324325,-47.403333333333336,-46.63639523707942
0,14376774203616.918,-11318493458358.797,104307.0407546323,9.111756756756757,-47.45333333333333,9.279324324324325,-47.29611111111111,-44.04894164659001
0,1156928665043.6917,-1537576025896.6091,8075.940221749535,9.111756756756757,-47.34611111111111,9.279324324324325,-47.18888888888889,-57.063401339265866
0,1631859744171.5366,-850993090293.0913,5024.456478377918,9.111756756756757,-47.23888888888889,9.279324324324325,-47.08166666666667,-34.27480994767011
0,7632782349255.977,-1408409100994.827,6383.931607636428,9.111756756756757,-47.13166666666667,9.279324324324325,-46.974444444444444,-15.577693589883634
0,526939128319.7224,526939128319.7224,2147.6861835996924,9.111756756756757,-47.02444444444444,9.279324324324325,-46.867222222222225,inf
0,1490838341703.5981,-486949338949.33746,2766.96311461902,9.111756756756757,-46.91722222222222,9.279324324324325,-46.76,-24.620910713154952
0,448735399599.5563,31616404861.90564,3299.1056030828645,9.111756756756757,-46.809999999999995,9.279324324324325,-46.65277777777778,7.579708730788193
0,282448804173.5603,282448804173.5603,809.1055380152018,9.25,-46.702777777777776,9.279324324324325,-46.54555555555556,inf
0,72000302739.26775,72000302739.26775,260.9587641840239,9.25,-46.595555555555556,9.279324324324325,-46.43833333333333,inf
0,709150081898.6191,709150081898.6191,11130.09134601571,9.229324324324324,-47.66777777777778,9.396891891891892,-47.510555555555555,inf
0,10514981362740.477,-9758841144111.787,19121.11994262189,9.229324324324324,-47.56055555555555,9.396891891891892,-47.403333333333336,-48.13518092512371
0,9851810975912.797,-8743923318467.789,71779.66443597391,9.229324324324324,-47.45333333333333,9.396891891891892,-47.29611111111111,-47.02112420002743
0,3067173218230.0425,-3854579959092.197,5542.372935404133,9.229324324324324,-47.34611111111111,9.396891891891892,-47.18888888888889,-55.687914034857066
0,6593649059216.924,-3647386071666.0737,6517.745215846635,9.229324324324324,-47.23888888888889,9.396891891891892,-47.08166666666667,-35.61540435172388
0,6088264663991.195,-5104423883432.566,11270.12884297988,9.229324324324324,-47.13166666666667,9.396891891891892,-46.974444444444444,-45.604984555810404
0,2179734981743.515,-1250023940606.9417,2161.0230880724703,9.229324324324324,-47.02444444444444,9.396891891891892,-46.867222222222225,-36.44640830179063
0,4017880783594.024,4017880783594.024,2709.6144253860743,9.229324324324324,-46.91722222222222,9.396891891891892,-46.76,inf
0,606063223640.0212,606063223640.0212,3560.508930749314,9.229324324324324,-46.809999999999995,9.396891891891892,-46.65277777777778,inf
0,248830187403.70193,248830187403.70193,1908.0664665721133,9.229324324324324,-46.702777777777776,9.396891891891892,-46.54555555555556,inf
0,124586663544.43625,124586663544.43625,320.08570734667325,9.229324324324324,-46.595555555555556,9.396891891891892,-46.43833333333333,inf
0,938386373417.2808,938386373417.2808,423.2244352694902,9.229324324324324,-46.48833333333333,9.396891891891892,-46.33111111111111,inf
0,555189679643.8684,555189679643.8684,15387.231253726464,9.346891891891891,-47.56055555555555,9.51445945945946,-47.403333333333336,inf
0,9984086172263.727,-10668471376103.773,74417.259577207,9.346891891891891,-47.45333333333333,9.51445945945946,-47.29611111111111,-51.656901820118996
0,2495977010970.167,-912326384987.9146,9350.503725864692,9.346891891891891,-47.34611111111111,9.51445945945946,-47.18888888888889,-26.767757414725622
0,7974197184851.724,-6404624848608.218,11543.535384671828,9.346891891891891,-47.23888888888889,9.51445945945946,-47.08166666666667,-44.542069118766946
0,18606640538676.418,-11986624365909.273,17838.998859305495,9.346891891891891,-47.13166666666667,9.51445945945946,-46.974444444444444,-39.18059874712023
0,2041252939915.0825,-1388505579362.3342,3929.9411846452654,9.346891891891891,-47.02444444444444,9.51445945945946,-46.867222222222225,-40.484062407252665
0,6556008370684.338,-3541118802809.808,5368.548613775593,9.346891891891891,-46.91722222222222,9.51445945945946,-46.76,-35.070557614700135
0,1173048663046.3208,1173048663046.3208,6852.056954630937,9.346891891891891,-46.809999999999995,9.51445945945946,-46.65277777777778,inf
0,671926406057.9469,671926406057.9469,3399.576950111125,9.346891891891891,-46.702777777777776,9.51445945945946,-46.54555555555556,inf
0,1276828223479.2776,1276828223479.2776,400.5516976657675,9.346891891891891,-46.48833333333333,9.51445945945946,-46.33111111111111,inf
0,4552997060732.842,4552997060732.842,17458.897081831325,9.464459459459459,-47.56055555555555,9.632027027027027,-47.403333333333336,inf
0,31733999792089.754,-52061459288621.34,111529.86365360646,9.464459459459459,-47.45333333333333,9.632027027027027,-47.29611111111111,-62.12921303823418
0,9164102688053.928,-8187260055005.4,17717.18846512079,9.464459459459459,-47.34611111111111,9.5,-47.18888888888889,-47.18511264067927
0,4816087359420.051,4816087359420.051,15743.771166632063,9.464459459459459,-47.23888888888889,9.5,-47.08166666666667,inf
0,15527579834151.648,-4529529317302.379,23152.42160126027,9.464459459459459,-47.13166666666667,9.632027027027027,-46.974444444444444,-22.583161327483793
0,18447976257756.72,-8470436260023.07,13817.033033798063,9.464459459459459,-47.02444444444444,9.632027027027027,-46.867222222222225,-31.467072043822387
0,6134811764156.385,-4482782414037.056,17829.663026174552,9.464459459459459,-46.91722222222222,9.632027027027027,-46.76,-42.22032165482324
0,210891321222.41006,210891321222.41006,11424.836934864106,9.464459459459459,-46.809999999999995,9.5,-46.65277777777778,inf
0,2185260857385.04,2185260857385.04,7302.399762328409,9.464459459459459,-46.702777777777776,9.632027027027027,-46.54555555555556,inf
0,469171492834.7212,469171492834.7212,407.22014990215655,9.464459459459459,-46.595555555555556,9.5,-46.43833333333333,inf
0,748588619806.7598,433814272948.2035,422.77987178706417,9.464459459459459,-46.48833333333333,9.632027027027027,-46.33111111111111,137.81754367141542
0,3294582092428.4517,-5944354138877.067,1413.7118741144736,9.582027027027026,-47.0,9.749594594594596,-46.974444444444444,-64.3402442668131
0,504057160052.9743,-119535407926.48015,1523.9636177561056,9.582027027027026,-47.02444444444444,9.749594594594596,-46.867222222222225,-19.16883139159197
0,453093137442.9895,453093137442.9895,1158.0878717195608,9.582027027027026,-46.809999999999995,9.749594594594596,-46.65277777777778,inf
0,446472253447.41693,446472253447.41693,1327.9111220062682,9.582027027027026,-46.702777777777776,9.749594594594596,-46.54555555555556,inf
0,406892102295.7953,406892102295.7953,635.7257798690872,9.582027027027026,-46.48833333333333,9.749594594594596,-46.33111111111111,inf
0,1571575786674.8345,1571575786674.8345,1291.0123529649154,9.83,-47.02444444444444,9.867162162162161,-46.867222222222225,inf
0,164960755816.74136,164960755816.74136,1451.499770120678,9.83,-46.91722222222222,9.867162162162161,-46.76,inf
0,375347909776.88,375347909776.88,1711.56940733985,9.699594594594595,-46.809999999999995,9.867162162162161,-46.65277777777778,inf
0,700880591396.7139,282565684251.25684,3360.010800175218,9.699594594594595,-46.702777777777776,9.867162162162161,-46.54555555555556,67.5485571813492
0,171835665042.31702,-247219680599.80084,1366.5881449773244,9.83,-46.595555555555556,9.867162162162161,-46.43833333333333,-58.99451782937801
0,185186490413.39566,-129587819460.64062,2086.780986507339,9.699594594594595,-46.48833333333333,9.867162162162161,-46.33111111111111,-41.16848656184743
0,185376802072.9577,185376802072.9577,1454.1671510152335,9.81716216216216,-47.02444444444444,9.98472972972973,-46.867222222222225,inf
0,416364200707.81226,-208200219924.3374,1306.1275113673973,9.81716216216216,-46.91722222222222,9.98472972972973,-46.76,-33.33526743544063
0,80763611213.10884,80763611213.10884,1062.5067229979848,9.81716216216216,-46.809999999999995,9.98472972972973,-46.65277777777778,inf
0,1082399779238.9563,559386191677.4968,1394.595644370158,9.81716216216216,-46.702777777777776,9.98472972972973,-46.54555555555556,106.9544281412695
0,43230266954.40348,43230266954.40348,879.3465682384996,9.81716216216216,-46.595555555555556,9.98472972972973,-46.43833333333333,inf
0,122253337584.0669,122253337584.0669,734.4188729676448,9.81716216216216,-46.48833333333333,9.98472972972973,-46.33111111111111,inf
0,292432941430.29553,292432941430.29553,748.6449044052748,9.81716216216216,-46.38111111111111,9.98472972972973,-46.223888888888894,inf
0,82398325289.23584,82398325289.23584,572.5977653646044,9.93472972972973,-46.809999999999995,10.102297297297298,-46.65277777777778,inf
0,273254953207.92944,273254953207.92944,742.4210156513116,9.93472972972973,-46.702777777777776,10.102297297297298,-46.54555555555556,inf
0,371007374127.7118,371007374127.7118,762.8709358429048,9.93472972972973,-46.48833333333333,10.102297297297298,-46.33111111111111,inf
0,151401984446.6128,47146127912.9806,814.4402998043131,10.052297297297297,-46.809999999999995,10.219864864864865,-46.65277777777778,45.221563066600076
0,640064556452.0095,640064556452.0095,1339.4697725493422,10.052297297297297,-46.702777777777776,10.219864864864865,-46.54555555555556,inf
0,161235124056.84277,161235124056.84277,1381.25873989738,10.052297297297297,-46.595555555555556,10.219864864864865,-46.43833333333333,inf
0,244288050375.0881,244288050375.0881,847.3379975038323,10.052297297297297,-46.48833333333333,10.219864864864865,-46.33111111111111,inf
0,47303503361.83539,47303503361.83539,400.99626114819335,10.169864864864865,-46.809999999999995,10.337432432432433,-46.65277777777778,inf
0,84524314705.14027,84524314705.14027,384.1028488160079,10.169864864864865,-46.702777777777776,10.337432432432433,-46.54555555555556,inf
0,39774650725.95232,39774650725.95232,640.1714146933465,10.169864864864865,-46.595555555555556,10.337432432432433,-46.43833333333333,inf
0,272093218169.6254,272093218169.6254,967.3701377588346,10.287432432432432,-46.91722222222222,10.455,-46.76,inf
0,45110723455.33506,45110723455.33506,413.44403865611963,10.287432432432432,-46.809999999999995,10.455,-46.65277777777778,inf
0,91283343448.17053,91283343448.17053,527.6968536395849,10.287432432432432,-46.702777777777776,10.455,-46.54555555555556,inf
0,79819075506.34314,79819075506.34314,716.6363336706073,10.287432432432432,-46.595555555555556,10.455,-46.43833333333333,inf
