country,Calories 2000,Population 2000,Calory requirements 2000,Cropland (%) 2000,Sufficiency (%) 2000,Percentage of total cal 2000,Yield 2000,Calories 2050,Population 2050,Calory requirements 2050,Cropland (%) 2050,Sufficiency (%) 2050,Percentage of total cal 2050,Yield 2050,ΔCalories (%),ΔPopulation (%),ΔCalory requirements (%),ΔYield (%)
Afghanistan,2.2836079563445396e+16,19445027.757722855,1.6714459734844622e+16,15.554691276551393,136.62469458010082,0.13534478180095602,2473384673.2405567,1.7929572120197428e+16,57148882.08663252,4.912375031961715e+16,13.424788088547821,36.49878521802804,0.1396401878456448,2530081341.0341425,-20.832801246862598,193.89971975707297,193.89971975707297,2.2922705233433605
Albania,1.0068587383244016e+16,2927076.7642822266,2516042009657895.0,50.13049146602558,400.1756466941121,0.059674462012752685,6714504501.839081,7782158681095203.0,2911399.0700534075,2502565855641157.5,48.72269073929657,310.96718847789975,0.06060948319277479,5494263834.273597,-22.708535121360306,-0.5356092610937577,-0.5356092610937703,-18.17320499571136
Algeria,2.0371706417665932e+16,25647692.486624837,2.2046115269190544e+16,16.241037290848375,92.40497098432304,0.12073894524459862,508894731.4221539,5.520070013774551e+16,37697396.670231946,3.2403739742814624e+16,28.942624510520226,170.35286845243226,0.42991746176489437,4550627760.856938,171.0427857045886,46.98163076421389,46.98163076421388,794.2178961334074
Angola,1.3063030079936026e+16,14172930.737222195,1.2182696938447768e+16,6.381354054957017,107.22609407371849,0.07742191258863863,1874494007.6105163,1.5391225113491984e+16,30282684.16415363,2.603023824040236e+16,7.669518451150624,59.128252962367334,0.11987087877024923,2157055530.296022,21.030164443547314,113.66564703955399,113.665647039554,15.074015789770211
Argentina,4.7441444380263654e+17,32036182.176091075,2.7537501294013484e+16,33.92572829777075,1722.7940862803405,2.8117575611565324,6539490389.200215,2.794708668391785e+17,37747540.53258967,3.2446842153300764e+16,39.42970873870171,861.3191555553223,2.1765920614941225,4484520285.980296,-41.02143415053126,17.827837053445887,17.8278370534459,-31.424009837427768
Armenia,7610412703700249.0,2921641.2955474854,2511369816620229.5,56.86274033084696,303.03831213286816,0.045105362500415476,4633777030.607477,5649657217256502.0,2332268.2015079446,2004759439311191.5,55.210730215493406,281.81222676759904,0.0440010051434799,3673586024.8171616,-25.764115072109217,-20.172671263160602,-20.172671263160595,-20.721562549254486
Australia,3.0872952584392403e+17,12499708.155725874,1.0744436637958068e+16,30.625231356733124,2873.389608471801,1.8297768754381678,3868227275.339664,3.7671931785433075e+17,24035346.096225977,2.0660182620663444e+16,32.18057342267827,1823.4074924272543,2.933988382857329,5873685324.317275,22.027154258419515,92.28725820463136,92.28725820463137,51.84436968744331
Austria,3.1303174165556996e+16,7944847.985534668,6829192707165962.0,25.78146521186821,458.37298064103777,0.1855275230296763,10885929598.806862,1.726109576875357e+16,9241909.54031968,7944114393120288.0,23.91742431529415,217.28156109763367,0.13443391952757164,8760153544.914633,-44.84664027513924,16.32581966510367,16.325819665103666,-19.52774023198921
Azerbaijan,2.566119288203999e+16,6341322.702545166,5450842462040261.0,59.15708124492212,470.77480335828596,0.1520886517198639,5847983887.331537,1.692237478236675e+16,7822769.283483251,6724256906850115.0,59.25541576009841,251.6616336465021,0.13179587206892449,3930023837.383469,-34.04678683836484,23.361791386889816,23.36179138688981,-32.796944842870325
Bangladesh,7.937121323588998e+16,119931188.59765625,1.0308985143883037e+17,74.79319985456921,76.99226657920433,0.470416977959938,8024165907.228915,5.5089499525553736e+16,165173462.49475726,1.4197897902393098e+17,71.46852633092315,38.80116613338108,0.4290514023703415,5805176115.479051,-30.592414820893726,37.72352665400429,37.723526654004296,-27.65383738826726
Belarus,6.558604641370143e+16,9971178.170715332,8570975476092632.0,54.411770369349234,765.2109914051584,0.38871510831741546,5615332620.133234,4.714416989907466e+16,7901523.150559165,6791951762141894.0,52.01284826327694,694.1181496879091,0.3671711012622474,4384834675.028393,-28.11568026113275,-20.756373867980844,-20.756373867980844,-21.913180008126492
Belgium,2.265201360228241e+16,10655538.871582031,9159234825540124.0,56.94057073448121,247.31338407350648,0.1342538604244836,13025545267.657991,1.3586237264777326e+16,13803233.867580796,1.1864914751725762e+16,49.33251840361462,114.50766861010271,0.10581316224673602,9351962238.721039,-40.021944612427866,29.540458102907987,29.54045810290799,-28.20291168968059
Belize,1033942627966508.9,173231.60052490234,148905553021192.94,12.518210197710717,694.3613632859973,0.006127966886261843,5043793182.222223,1176153348357028.2,256896.5476803258,220821849972316.06,16.62802514437326,532.6254392418504,0.009160189289450319,4753518957.045944,13.75421774322345,48.2965849775177,48.296584977517696,-5.755077868763611
Benin,1.332648417242971e+16,5745425.961975098,4938624521264745.0,37.96466284662606,269.8420200816744,0.07898335121316524,2860929848.3162518,1.6024063578787358e+16,13950663.304678088,1.1991641410118668e+16,49.58744730258179,133.62694088956073,0.12479958992840612,2835850733.1195173,20.242630978475294,142.81338576125844,142.81338576125842,-0.8766071356658496
Bhutan,660052271281939.0,550330.0091209412,473049917590133.0,3.3107602757544217,139.5312094428545,0.003911995068403988,4902757233.203125,574859220188957.2,729975.9014199758,627469035463075.8,3.9039113088163546,91.6155519554376,0.004477153662889696,4550864481.984529,-12.035687741330793,32.643302985782746,32.64330298578276,-7.177445965210354
Bolivia,2.406555537062289e+16,7954405.201395035,6837407850989137.0,8.16429296908976,351.9689902239989,0.1426316339241357,2821991246.7645407,2.0444324834718292e+16,9787766.913362524,8413319744553591.0,11.761539361073481,242.99949907351422,0.15922573841466595,2806731904.419838,-13.168343275583801,23.04838219262398,23.04838219262398,-0.5407296129000332
Bosnia and Herzegovina,1.4441865595056788e+16,3727504.469833374,3204069654657022.5,30.55374721500479,450.7350698217798,0.08559398921041374,8269721274.723928,1.1330588349107884e+16,3129692.6725139185,2690205578976151.5,29.589685063537065,421.1792748352013,0.08824557969728489,7152796540.492465,-21.53163188218457,-16.037855947793908,-16.037855947793908,-13.506195639813148
Botswana,2520531345873373.0,1635963.0485083237,1406232937421542.2,7.556443315231627,179.23995938361392,0.01493867474414387,1064568889.4917632,4886211039514222.0,2113004.1128335046,1816285510288859.8,12.799431566650481,269.02218906856365,0.03805508702812904,1356896563.9954271,94.11519599392601,29.159647875919223,29.159647875919244,27.459723592263185
Brazil,9.980831303120383e+17,157959524.76304185,1.357780584981917e+17,30.204770775291422,735.0842554029676,5.915434964044107,3978216189.806638,8.312522083544699e+17,179543405.1851719,1.5433102251204413e+17,33.65630471113915,538.6164070089008,6.474009181232323,3775493926.115523,-16.669842066479244,13.664184198140916,13.66418419814091,-5.095808121503026
Brunei,506506986429364.5,234504.3640475273,201574088726153.28,17.18888503487879,251.2758408733154,0.003001963509913397,3884119696.296298,325430780030883.25,371858.04173476546,319639876224161.0,15.381413591611306,101.81169629869996,0.0025345398623917,3673251740.1165032,-35.74999185598269,58.571906857733566,58.571906857733566,-5.428976773832894
Bulgaria,4.714159714840084e+16,7802636.94229126,6706951649670010.0,61.39493142614882,702.8766511343536,0.2793986227834041,6706112113.227512,3.730357213000183e+16,6067064.140913942,5215096658926102.0,57.43604841629213,715.299726346461,0.2905299571359574,5878961131.672242,-20.861139285071545,-22.243413530755202,-22.243413530755195,-12.334285016257798
Burkina Faso,5.956497762386951e+16,11683553.548919678,1.0042890541812632e+16,69.96777044021265,593.1059128432827,0.35302946274483554,2936186161.588181,5.5081704566014984e+16,32513873.75914133,2.7948113036513908e+16,68.52598232068253,197.0855939148784,0.4289906931907279,2835526299.5726686,-7.526424713994843,178.2875400279886,178.2875400279886,-3.4282520411125983
Burundi,3583290835196196.0,6670096.04296875,5733447806134863.0,60.89975719736383,62.49801090649205,0.02123743328497246,2283342891.6666665,3361351377118563.0,15349301.540109,1.3193875871339194e+16,59.721123829344435,25.476603008069546,0.02617908194179954,2172086318.844811,-6.193732752521209,130.12114730026101,130.12114730026107,-4.872530237482059
Cambodia,3.550593840578428e+16,12144963.580963135,1.0439507070106386e+16,39.82276177635382,340.1112539830144,0.2104364487265791,4641681101.70052,3.3145485222525908e+16,15460580.25459577,1.3289528272344158e+16,47.28674140146658,249.41054748724596,0.25814569091108885,4077735448.648546,-6.638691648065295,27.30034266080274,27.30034266080274,-12.149599265778233
Cameroon,1.7201833569552964e+16,15287701.272506714,1.3140925821314958e+16,16.419077904277838,130.90275223722136,0.10195175597366164,1791243558.7994263,2.3805728030735624e+16,28529760.667135663,2.4523469025453136e+16,22.007026993939917,97.07324851156841,0.18540522393557546,2941502782.422479,38.39668619929087,86.61903551479887,86.61903551479887,64.21567954689587
Canada,4.344452705058079e+17,24859696.307693984,2.1368773453686056e+16,30.201808481142383,2033.0847320151977,2.574868430358299,6320439942.462945,4.1304864690714496e+17,38638087.22359553,3.321233382522213e+16,35.27061102759947,1243.6604096562082,3.2169306806005373,7485120213.964404,-4.9022216458002585,55.42461478757963,55.42461478757963,18.42720256981996
Central African Republic,2681258762667454.0,3609335.7326407433,3102494762384667.0,2.4748978001845,86.42266846589489,0.015891273332486855,2040752551.4066873,5739587620533037.0,4686781.565257315,4028640263956056.0,6.994601730088747,142.46959878459984,0.044701406598817675,2510017789.5561037,114.87368166319185,29.85163787543439,29.851637875434374,22.994715249820597
Chad,4.772499696783466e+16,7953446.101333618,6836583432553845.0,37.80874055147473,698.0825647586181,0.28285631441758374,1670132126.237624,5.921576231318877e+16,19500873.517623574,1.6762463353911284e+16,42.32246771370271,353.26408215157477,0.46118781404280845,2373834390.997295,24.139034264588606,145.18772453054913,145.1877245305492,42.134526586524046
Chile,5.219554556425309e+16,12054117.97334069,1.0361418456934324e+16,10.450987606170122,503.7490357251376,0.30935234332796535,8778771639.315767,2.5180417665721852e+16,13313926.099386994,1.1444318026880576e+16,13.201223425155872,220.0254974265634,0.19611166564941282,5516671590.551947,-51.61667191772449,10.451267598612686,10.45126759861269,-37.15895779945444
China,2.8816992493346755e+18,1219139453.3035498,1.0479417955733988e+18,34.938217635413096,274.98657477993856,17.07924317891699,8649827296.411665,2.0730782476021778e+18,1162708006.5654638,9.994347347435085e+17,33.04328288287169,207.42507494841124,16.145674529945257,8191065622.992171,-27.76080135402097,-4.628793415320248,-4.628793415320253,-5.303709053356575
Colombia,8.413569093311482e+16,38821278.20171642,3.3369800210240396e+16,18.367384734338554,252.13123963294086,0.49865506464792836,5447419654.160178,5.723037312804365e+16,53916965.60719329,4.6345675711803176e+16,18.090176506600457,123.48589647052742,0.44572508482083945,4755536710.62072,-30.611796448042814,38.8850859753748,38.88508597537481,-12.701113324564032
Costa Rica,9035110040881516.0,3727637.439025879,3204183951650670.0,33.34235945363608,281.9785061412277,0.0535492527792821,5213521797.769518,6975261213393084.0,5771749.587209859,4961251651425914.0,28.56569474824265,140.5947874341009,0.05432515508908448,5579432115.200633,-22.052465995578956,54.836667503751535,54.836667503751514,7.018486382614938
Croatia,2.945311724460541e+16,3907779.8298797607,3359029847268895.5,45.615320880911526,876.8340438699187,0.17456261333097478,10918527234.219269,2.0062437300284188e+16,3420170.7995018214,2939893314981778.0,44.34846110721228,682.4205898236324,0.15625149861202078,8029214524.044481,-31.883484068366954,-12.477904375511931,-12.477904375511939,-26.46247656112009
Cuba,2.043680896764945e+16,9019265.609825134,7752735236565440.0,55.17217755822259,263.60772480994996,0.12112479476827559,4048484779.3594313,1.7861987549041324e+16,7157741.715979467,6152615835513050.0,52.884960564116476,290.31533946815745,0.1391138215638151,3929978503.201476,-12.569147078678606,-20.63941760200317,-20.639417602003178,-2.9271760329232546
Cyprus,956117235092325.8,380704.1021575928,327243728612112.8,39.22695260070277,292.1728215074907,0.005666711670021005,4394396026.086956,1301451429272561.2,646462.5174378006,555683018426597.5,37.151819511680166,234.20752229528054,0.010136043450299706,6636998532.549184,36.118394429621276,69.80707950716985,69.80707950716983,51.033236266126444
Czech Republic,5.093095926735494e+16,10903461.812973022,9372343187886286.0,51.809010281417564,543.4175664115991,0.3018573984996887,11775562124.395302,3.30574148832787e+16,12604375.309562527,1.0834405906717208e+16,47.33469579529631,305.11515968571456,0.2574597761199458,8365501459.654876,-35.09367316301969,15.599756533890405,15.59975653389039,-28.95879303864264
Democratic Republic of the Congo,3.4529660449915396e+16,44480160.09577656,3.823403361432714e+16,15.189405685990046,90.31132000934468,0.2046502485801376,1524701192.8550484,6.5414932485774504e+16,119207954.95475687,1.0246817788023514e+17,15.796721966104915,63.839265847228695,0.5094685695222904,2278280527.1852226,90.997993623143,168.00253123656316,168.00253123656313,49.424722552953114
Denmark,4.258058616062818e+16,3455331.4438934326,2970116525884697.5,73.3152122821179,1433.6335221038123,0.2523664417465152,18609026079.43925,2.4035900109208468e+16,4318814.359685793,3712344853226915.0,70.56334101614034,647.4587103166217,0.18719786416476217,11018331644.546661,-43.55197455822463,24.98987231220274,24.989872312202724,-40.790390654991874
Djibouti,16678747464472.098,199224.3823852539,171248298488804.62,0.6551817165760977,9.739511347940471,9.885153141197244e-05,648905279.0123487,36885963350711.55,301976.36585060996,259571334676038.06,2.230946299624759,14.210337746557274,0.0002872775109540212,2908176022.471475,121.15547602890112,51.57600803432657,51.576008034326584,348.1664915560246
Dominican Republic,8559983739163359.0,6228600.94934082,5353949661029636.0,40.565244536940654,159.8816627184567,0.050733276181579405,5141094594.599999,4363952455072977.5,8181069.414972275,7032242742374793.0,28.596529278878613,62.056339846984116,0.03398760084683734,4486663134.158876,-40.8322997520916,31.346822207932362,31.34682220793236,-12.729418772580294
East Timor,4828234154507234.0,532154.5745544434,457426768422635.6,86.75899773714549,1055.5206839242576,0.028615958195020042,5222564096.825398,3366244974064167.5,1094387.9176864657,940708494345343.8,67.36369192144429,357.84145612576816,0.02621719455219225,4653306952.152765,-30.2799974826879,105.65226158259806,105.65226158259809,-10.899955158399365
Ecuador,1.381854836851027e+16,10786739.825201988,9272011885248000.0,16.230402095082034,149.03505883653926,0.08189971525304154,3977327819.9088144,1.3344162209626388e+16,15635042.378459377,1.343949155246422e+16,20.58895193983169,99.29067746003864,0.1039278185281348,4163376768.129484,-3.0956842747245745,44.946875810704945,44.94687581070494,4.677737331315455
Egypt,6.37792714502162e+16,58465129.65344334,5.025516382185855e+16,34.32489248480064,126.91088158879968,0.37800672194501117,6975493487.140233,5.385656937139615e+16,92843187.20911855,7.980568264527808e+16,39.59785720346732,67.48462964821556,0.4194490204968119,9081421401.302681,-15.35180277087568,58.800960092714845,58.800960092714874,30.190378903583813
El Salvador,2975390935980500.0,5219267.225097656,4486351625013318.0,26.76310054385173,66.32094817070134,0.017634534679387196,6325528013.207546,502953937517266.1,534890.3898034537,459778406815303.7,21.442507804370457,109.39050857151419,0.003917136551937102,5691029012.651464,-20.267321065701207,-89.751619015954,-89.751619015954,-10.030767379913005
Equatorial Guinea,126733570377487.73,293441.8756713867,252235300280232.25,13.102555208694664,50.244184789633856,0.0007511240001569369,228311052.57777783,759654548617120.0,847377.1702532023,728384231120396.4,12.74692428583053,104.29310742334768,0.005916387917991491,2977816238.0585957,499.41067418397404,188.77172636469396,188.77172636469396,1204.2803685748654
Eritrea,3777663260645123.5,2691501.7985076904,2313547658452248.0,29.554095941285503,163.28443664620082,0.02238943897129958,1097721176.8577492,4311505125321795.0,8276905.70658805,7114621222740423.0,31.100730694903405,60.60062778241737,0.03357912735235794,1670221009.118377,14.136712252329406,207.51997680912567,207.51997680912567,52.15348344644502
Estonia,5934486710113375.0,1076654.5895996094,925465368855084.2,26.41745438739677,641.2435202686269,0.03517249126100807,5406978804.76731,4939553989929583.0,937699.9620864477,806023444910458.4,27.90458178968282,612.8300635818752,0.038470535850125796,4607253039.225528,-16.763533966736716,-12.90614732481999,-12.906147324819987,-14.790621424975212
Ethiopia,1.1098720394334072e+17,65362296.381484985,5.618379591211496e+16,28.911364325863243,197.5430854066029,0.6577985007748537,3086194593.2918935,9.087549988076925e+16,130023262.7131711,1.1176474604667405e+17,36.63110193125093,81.30962856822379,0.7077621143910353,2832244012.9106817,-17.946715815100553,98.9270113067852,98.9270113067852,-8.228599095248075
Falkland Islands,0.0,6.942185163497925,5967328811.913729,0.72840790842872,0.0,0.0,0.0,209627309399.24084,72.90872152350643,62670514303.56804,0.37460978147762747,334.4911266944974,1.6326322048205557e-06,2079026873.8338249,inf,950.2272671558975,950.2272671558976,inf
Fiji,0.0,325765.5844268799,280019952233735.28,37.4135129707724,0.0,0.0,0.0,1273434870839631.8,521920.6395490222,448629933740350.75,29.34519243184942,283.8497333922095,0.009917843180034712,3807649121.326876,inf,60.21355984157699,60.21355984157697,inf
Finland,1.7041687378351214e+16,4213890.265101314,3622154724624461.5,11.870649079497356,470.48479907544714,0.10100260219075263,3303753817.851052,2.179694571183279e+16,5121003.237817188,4401886358146709.0,12.923127661873144,495.1728404231177,0.16976030288156913,7237465890.349291,27.903682469391903,21.52673457656033,21.52673457656033,119.06795389061246
France,5.169772248232321e+17,53418928.65773392,4.591757560097163e+16,52.86620674002908,1125.8809248027735,3.064018475472827,16958097997.328287,2.649441653632024e+17,70575381.91944405,6.066483391340612e+16,49.45912456611358,436.73434553762667,2.0634543184802885,9841087944.132544,-48.74128373461812,32.11680520894582,32.11680520894581,-41.96820925505333
French Guiana,34046609187587.582,91335.78842175007,78509960332625.81,0.16534683151378338,43.36597425771349,0.00020178730235870788,5146854700.847459,92216324809844.23,115682.57909292211,99437852923798.53,1.6374988175196277,92.73764677975467,0.000718204808935499,5858465798.909004,170.8531833574301,26.656353541011608,26.656353541011622,13.826135366603115
Gabon,992112145757590.0,791385.5547332764,680255238209856.0,9.450130700892608,145.84410233553064,0.0058800461575104195,583765243.9517154,3785455302016661.0,1351897.521019115,1162057311630005.8,8.11888615846618,325.754613316519,0.029482114013163523,2948399555.861538,281.5930276547555,70.82666128202835,70.82666128202834,405.06596382867343
Gambia,3672282435498689.5,859410.9399414062,738728158700134.2,63.68763960046928,497.10876622876214,0.021764868333164315,4294420877.707007,2689948694172268.5,1858646.4780106198,1597646046335978.5,65.2067578225972,168.36950213981146,0.020950022590122266,3159750820.789456,-26.749950707236906,116.26981827079608,116.26981827079611,-26.42195744734281
Georgia,1.1243103230955478e+16,4355307.855484009,3743713749877667.0,36.48020133319017,300.3195217936432,0.06663557767573774,4235572827.9652843,7524285345525879.0,2930615.852959356,2519084121807538.5,36.6846298367164,298.6913092893031,0.058601098342434765,3170365343.81421,-33.04190222485451,-32.71162567143777,-32.71162567143777,-25.149077289335303
Germany,3.0803873647832166e+17,79236299.7531128,6.810954236028193e+16,48.68553176338159,452.26957310750396,1.8256827078864162,17708404255.33996,1.6017693662080042e+17,79886455.60713248,6.8668400078500904e+16,42.96370926605697,233.2614950074387,1.24749979354344,10833409626.662853,-48.000608046232344,0.820527783409201,0.8205277834092067,-38.8233435918087
Ghana,3.0439012453820656e+16,16648458.295532227,1.4310598539382114e+16,46.252753514461844,212.7025810279974,0.18040581297472807,2687095752.052118,2.988965836335105e+16,33581264.999856815,2.886561586225192e+16,49.33896823684678,103.5476204837822,0.23278846146020185,2697841909.5962257,-1.7078741256799432,101.70795639899383,101.70795639899382,0.39991717957579825
Greece,4.320385252668264e+16,6662394.648025513,5726827879576530.0,46.30942965502994,754.4115771448215,0.2560604142641337,8508596293.408042,3.0624949033494296e+16,7057903.002291275,6066796973194523.0,44.49376098000722,504.7960096374953,0.23851509713291208,6645003497.102886,-29.113371448126653,5.936429394541744,5.936429394541747,-21.902470537343007
Guatemala,1.4014995139931152e+16,11539085.662155151,9918709558047014.0,27.812560058591252,141.2985737500584,0.08306401516448617,4864066946.589019,1.2077151420665564e+16,18344733.69106814,1.5768674462499896e+16,28.790203618426574,76.58951581115275,0.09406000777465655,4441888603.464879,-12.110368145296516,58.979092695650365,58.97909269565037,-8.679533973523885
Guinea,1.7820145047736422e+16,7768911.815673828,6677962373957831.0,23.74387205034159,266.8500367302152,0.10561636188236258,2952157325.6093125,1.8562861268340744e+16,12381025.220525121,1.0642419753932882e+16,30.427542356844555,174.42331441100018,0.14457240903946364,2801904002.017106,4.225869728052561,59.36627309305179,59.366273093051795,-5.089610986812664
Guinea Bissau,1850645362633075.0,1092581.4561157227,939155705140672.2,21.69228482235766,197.05415752714555,0.010968397272422806,2841259473.142857,2828134980166812.5,1887994.4612507059,1622872839029575.5,31.985413315135986,174.26719531876225,0.022026253456347625,3090738685.9946337,52.844978341410204,72.80125437629025,72.80125437629026,8.780585342873149
Guyana,1518605260998788.5,280686.35500371456,241270973602317.94,1.3452125335202842,629.4189633859044,0.009000463372910703,5510003024.290029,1465093318429800.8,344801.7930035393,296383001221017.3,4.017133315586966,494.32434127261513,0.011410529198656844,5389647653.040843,-3.504349127594096,22.84237792712662,22.842377927126627,-2.1843068092452365
Haiti,1189467506141654.0,6032077.842529297,5185023311492120.0,19.415602664499403,22.940446641875464,0.00704973109025989,2656689056.9343066,1078656817379971.6,8417553.29888753,7235518376891249.0,17.83885250249944,14.907802885622939,0.008400860856587249,2844789934.517193,-9.056348336442133,39.546496557776265,39.54649655777628,7.080274490231299
Honduras,1.1325776644647256e+16,5904062.23532486,5074984295929366.0,25.343493523688444,223.16870327523253,0.06712556612168646,3800178248.8715954,8599000694319272.0,8855507.542337088,7611972895704402.0,25.631023530245006,112.96678025708513,0.06697126201282438,3516141721.6886115,-20.83563563331044,49.990077837481174,49.99007783748118,-7.474294850967166
Hungary,7.853689351783024e+16,10394645.911621094,8934977759481702.0,70.47537024774266,878.982529469508,0.4654721353095477,11729088690.34091,3.4442937755786576e+16,9571405.392022405,8227340789847659.0,63.542225060175085,418.6399790110595,0.2682505899154123,5847591707.966253,-56.14425754188146,-7.919851494684543,-7.919851494684543,-50.144534990328474
Iceland,0.0,1053.1948093175888,905299928219.1664,0.0,0.0,0.0,0.0,1937069407388.9045,833.1155130186041,716125267102.9667,0.10542746043047263,270.49309616251634,1.5086402179845216e-05,6662760726.3963585,inf,-20.89635216124771,-20.896352161247705,inf
India,1.105003469885005e+18,1013309517.805995,8.710155287680882e+17,70.04875156800698,126.86380820877616,6.5491299899079936,4869216007.361669,8.454247343323976e+17,1489165959.0097182,1.2800498292157786e+18,68.1352618123539,66.0462362508455,6.584388513016584,4033130954.5963616,-23.48086851768479,46.96062090031894,46.960620900318936,-17.170835130362814
Indonesia,4.6122183972490246e+17,170760448.9959736,1.46781412945714e+17,33.453872471493234,314.2235998882787,2.733567689934262,7811412483.065916,3.088863224955343e+17,201629853.58657894,1.733159813966836e+17,41.56689525917211,178.22148887041115,2.4056873084906543,5717002163.87731,-32.60609252041357,18.077608001214163,18.07760800121417,-26.812184399799705
Iran,1.3696154099052126e+17,53328808.824150085,4.584011084501881e+16,32.280573460131784,298.78099870564364,0.8117430940360596,3713821016.420003,1.7926543974565075e+17,73247438.10565542,6.296166660966875e+16,32.26523624530281,284.72156059179304,1.3961660385702024,5225220417.668134,30.911795119565625,37.350598523935396,37.350598523935396,40.69661393389034
Iraq,4.353994095658437e+16,20844769.759251595,1.791764296580869e+16,46.46239252859471,243.0003825819578,0.2580523417788586,4188473802.257954,5.442270040129858e+16,48658806.39353305,4.1825893505721176e+16,44.70915665685535,130.1172451793632,0.42385819673542213,5121908766.018151,25.001201257258636,133.43412738793467,133.4341273879347,22.285801650639286
Ireland,9289764175370242.0,2941134.57611084,2528125753260475.0,8.203829665848373,367.4565698873726,0.055058535849142276,20775117550.19305,3683550581467793.5,4487589.603270584,3857419833231312.0,7.098536665451438,95.4926023279693,0.0286884534492412,11644588294.874037,-59.94591947292973,52.58021988251462,52.580219882514626,-43.949350627063815
Israel,4513930247641042.0,4701844.944440842,4041588368117736.5,58.02735246023486,111.68703580130517,0.026753143101220525,5430662135.714283,6518831749166619.0,11211751.15452652,9637340998652134.0,46.53983221754623,67.64139351381604,0.05077036327946439,8087798080.874893,44.41587245556872,138.45429372958316,138.45429372958318,48.92839728854027
Italy,1.5064301267802112e+17,46388921.41654587,3.9874757126627416e+16,53.788020021003966,377.7904206403938,0.892830383783672,9534455574.272518,1.0777910619582346e+17,51941704.29649802,4.464779047066229e+16,51.86459477800829,241.398521762559,0.8394118127373785,7508777211.178477,-28.44993221167311,11.970062485590805,11.9700624855908,-21.245873425222822
Ivory Coast,3.753429942910246e+16,14866940.986755371,1.2779250798690248e+16,51.126828476176186,293.7128319991135,0.22245813044089627,2290155116.4808917,4.7265641388255544e+16,24720321.756677788,2.1248970573996308e+16,56.53139683642729,222.43732336896102,0.3681171529278084,2797497415.587251,25.92777566238918,66.27712303896662,66.27712303896662,22.153184972289303
Jamaica,624951839169561.2,1935099.841796875,1663363446512548.8,17.71566334573103,37.57157465975651,0.0037039619726981204,4270223505.940595,813733364856054.0,1683698.8887573394,1447265472303590.0,25.279223031564342,56.22557716110281,0.006337567855106003,4393508202.60604,31.362890947106337,-12.991626974972633,-12.991626974972633,2.887078310864413
Japan,1.0038135899977664e+17,99948796.18960571,8.591348648468034e+16,26.000553753968685,116.8400481776236,0.5949398228781788,10909558809.146078,5.547838400284293e+16,85610363.29149671,7.358852802628829e+16,24.055980817246773,75.38999011235039,0.4320801361903609,7513640184.7642,-44.65338809693606,-14.34577848332319,-14.34577848332319,-31.127918954292582
Jordan,1811025298149609.5,4341746.698570251,3732056918423524.0,29.83363629690714,48.5261971544264,0.010733577238294085,2320844721.161827,3156839176390348.5,10668989.290190792,9170796469115750.0,16.596408882591255,34.42273729464559,0.0245862875385107,4528237985.921513,74.31226276164159,145.73034842645515,145.73034842645512,95.1116308916459
Kazakhstan,1.9892369719243814e+17,12844471.064631462,1.104078621538059e+16,37.81803310513133,1801.7167737142076,1.1789801448514454,2504242331.3128858,2.4610109736837456e+17,16998310.1035129,1.4611322407227102e+16,40.74759946182036,1684.317753789672,1.9166995863123104,4033240900.6311493,23.741480918089326,32.339510268503396,32.33951026850338,61.056334293201715
Kenya,4.946789893593584e+16,29474692.233419657,2.53357085765417e+16,26.06567321213985,195.24971558023879,0.29318613858542003,3085156917.2216935,3.829311181629452e+16,66668066.60686434,5.7306203353595416e+16,30.86114987797871,66.8219312663504,0.298236750513306,2303162319.344439,-22.569517697795874,126.18749019972212,126.18749019972213,-25.34699591816781
Kosovo,3208394429717828.0,1442650.0411987305,1240065909163398.8,48.84957798589433,258.72773422844494,0.01901549882128919,5714840521.111112,3479388717081847.0,1996232.3485714784,1715911421023328.5,46.62161372166164,202.77204723113405,0.02709838755683458,6479747080.524302,8.460996578135846,38.37259845171903,38.37259845171902,13.384565266301996
Kuwait,80170741482052.48,932506.5166015625,801559289007788.1,8.322296849872291,10.001847970758595,0.00047515561865874614,1639739431.818186,223010578474177.0,2569602.0944204624,2208765720311469.0,6.659729448491154,10.096615336946154,0.0017368645978238259,7762496788.475795,180.70798400827977,175.55862062874903,175.55862062874905,373.3981898495016
Kyrgyzstan,3.598707589749643e+16,5194355.530448914,4464938155085625.0,26.83539246066193,805.992706898004,0.21328805242024812,6850641946.857735,2.175670871457759e+16,5873382.566752125,5048612819815957.0,26.769668956828625,430.94429085910207,0.16944692664384334,4425154037.423429,-39.49592266910502,13.07240200103375,13.072402001033735,-35.405264619716895
Laos,3.0824496463084524e+16,5239445.559576035,4503696416872570.0,17.056080107907917,684.4266045021188,0.18269049800468792,7053754491.920624,2.3423629215087536e+16,7115926.7859242335,6116672767010823.0,29.942094095860416,382.9472346701082,0.1824293386196848,3500486582.2985215,-23.989272745345684,35.81449993155459,35.81449993155459,-50.374136407667976
Latvia,1.2297599427097608e+16,1881705.2710723877,1617466808382047.8,30.755667445008445,760.2999556695014,0.0728853613647582,6307797784.333594,8796935224051843.0,1359048.355078296,1168203989816426.2,32.408262600514504,753.030746405361,0.06851282779742333,4533116034.205669,-28.466240291841633,-27.775705580939803,-27.775705580939814,-28.134728011345345
Lebanon,3083001627300682.5,1515476.631652832,1302665825652983.0,61.593340270551536,236.66865028529296,0.018272321279127993,5456281002.399997,3089981097820689.5,2715864.1028426187,2334488886200944.0,59.119250780437085,132.3622106785526,0.024065579370581295,5750501362.872568,0.22638556068874013,79.20857676839279,79.2085767683928,5.392324191938718
Lesotho,1972723291467329.2,1566598.6708374023,1346609052485060.0,24.04838422223627,146.49562082081843,0.011691928235558579,3322182501.104973,2004805016326938.2,2187921.8252872806,1880682902971314.2,30.138030238109813,106.59984270392005,0.015613944783346118,2702751377.129196,1.630418997731141,39.660646087345334,39.66064608734535,-18.645306926087027
Liberia,4812415758447212.0,2120253.843322754,1822517197374156.2,50.149653973055095,264.0532427008556,0.028522205790749572,743911146.9872423,9962989673747666.0,7564487.470093988,6502244317106040.0,55.57192349000578,153.22385914563577,0.0775943642279749,2114745609.9624972,107.02678600159751,256.77272765789724,256.77272765789724,184.2739510661969
Libya,1856800070252260.0,2435406.9720716476,2093414948018486.5,6.818969721218002,88.69718218119186,0.011004874968055847,114737615.95660223,2.5309316517992424e+16,5914547.986794315,5083997585748724.0,25.176094489202548,497.82314194913414,0.19711556355748808,3601181245.213673,1263.8660495105676,142.85665823495535,142.85665823495535,3038.6230358627686
Lithuania,2.784983372493656e+16,3325416.3181152344,2858444731643902.5,59.42527815576728,974.3002345516758,0.16506027920519942,7129952917.094017,1.5440357409273402e+16,2479694.082082229,2131483040605832.2,55.975582718235096,724.395039281419,0.1202535339148456,4395027632.729003,-44.558529283253264,-25.432070908713772,-25.43207090871377,-38.35825167664218
Luxembourg,775229932570447.6,375400.7824707031,322685127592254.6,34.617525349079195,240.24346531087397,0.004594629554421065,9513959967.441864,335464275265459.1,684683.5810003732,588536889138395.9,19.008784454178066,56.999702390205464,0.0026126833423315396,7422500930.6464205,-56.727125569938664,82.38736118079535,82.38736118079538,-21.983054836815757
Macedonia,8190884780559512.0,2004969.4958190918,1723421654368695.8,42.936743805322756,475.2687631489639,0.04854570200202699,7203208239.331619,6793273539313200.0,2252612.7558512636,1936289609610850.0,39.43320759625393,350.8397455419127,0.05290778757893181,6668412751.316609,-17.016321805139228,12.35147270562348,12.35147270562349,-7.424406878797012
Madagascar,2.6321636321942776e+16,14486115.762428284,1.2451902956489292e+16,13.665178092363334,211.38645565997837,0.15600296516483023,3582423591.9522877,2.291070046492367e+16,31651984.641347215,2.720725469808603e+16,18.585018741051364,84.20805670825504,0.17843451562312101,2879520389.123925,-12.84299888620189,118.49876916931005,118.49876916931007,-19.620884710769403
Malawi,1.7272196931533846e+16,10616886.329425335,9126010066615782.0,62.304652470495846,189.2633999464668,0.10236878525610155,2670762907.577019,1.3919920594019756e+16,31125628.128485076,2.675481179854256e+16,58.081183089648846,52.027727568534154,0.10841197511655815,2443360329.7055564,-19.296012363250096,193.17096522187055,193.17096522187057,-8.514517601930002
Malaysia,5.951110866802456e+16,20694261.494833827,1.7788269824421786e+16,29.66562264967381,334.5525408340774,0.3527101924403849,6342264888.338834,4.994275425773196e+16,32992201.207134485,2.8359271352622624e+16,37.1331692089033,176.10732531431324,0.3889672067646517,5066404245.049282,-15.735674360119795,59.42681122189719,59.426811221897196,-20.116798426937432
Mali,7.944750004299742e+16,10809041.012992144,9291181428742722.0,43.45508361390852,855.0850142396607,0.47086911429242717,2465612546.9353247,7.222952395330421e+16,28923227.69805998,2.4861683448559908e+16,42.24529960852966,290.52547508599235,0.5625423866908118,2698394932.133704,-9.029159336876942,167.58366133771838,167.58366133771835,9.441158363982224
Mauritania,6361087837822066.0,1828936.461069107,1572108058523477.8,13.287099987920808,404.6215400610816,0.03770086905831608,1513063773.0919418,5420958580649586.0,3303204.3156054835,2839351849586583.5,13.946883701200358,190.92239594888144,0.042219840464158984,2061766752.5245054,-14.593782786543928,80.60793176350103,80.60793176350103,36.26436566591575
Mexico,2.3409591545921504e+17,92712503.39087847,7.969335010221435e+16,17.468421671348246,293.7458585427324,1.3874387024399661,6467004048.624482,1.632851532557008e+17,116348441.55420099,1.0001021164895232e+17,22.51206547921341,163.26848085158645,1.271707396036838,5583749031.8555155,-29.715153294529966,25.493797814597627,25.49379781459764,-13.657870168750446
Moldova,1.7482363038824906e+16,4022321.474975586,3457486981852139.5,87.3376428929697,505.63785577754476,0.10361439687057487,6186802504.316546,9099696129894070.0,2053262.9731563649,1764933520150882.2,80.72357930513029,515.5829398671144,0.07087080876209459,3473370344.411037,-47.949278311602264,-48.953285163045614,-48.95328516304562,-43.85839305541661
Mongolia,1.9034990897640652e+16,2092688.7089412212,1798822896988150.2,10.112784320179683,1058.1914945329966,0.11281650523535226,1780838168.1425803,2.903113791195486e+16,2647796.253689052,2275979464764767.0,12.766452590905347,1275.5448087909424,0.2261020800843048,2878742341.482568,52.68536403000826,26.52604481383583,26.52604481383583,61.6509794646363
Montenegro,2290870080745124.5,571119.8375244141,490920334340048.2,22.776373816956553,466.64803237877214,0.013577519308923246,7363520845.714285,1816247124058992.8,580092.9080172775,498633361408951.3,20.38645947950947,364.2450073791609,0.014145406698914417,6606530742.042075,-20.446620313513055,1.5711361965219504,1.5711361965219606,-10.280273792024273
Morocco,2.20532475728171e+16,23068095.880829,1.9828758516763588e+16,33.8657750101308,111.21849889983223,0.130705096400315,1542343410.419346,4.268581942112064e+16,28856505.992862485,2.4804331138814772e+16,34.03177389052016,172.090185307695,0.3324483039724054,3796617426.2526665,93.55839206545288,25.092708743438205,25.0927087434382,146.15902013809028
Mozambique,2.5950566985717384e+16,17274762.667983532,1.4848954120331944e+16,15.376412262262345,174.76360136492406,0.15380371295934905,2229240457.241682,2.248125227099736e+16,33811600.10006835,2.9063606156016256e+16,18.636555009370756,77.35190241126934,0.1750898609895456,1975536199.647814,-11.244133293813583,95.72830463676148,95.7283046367615,-11.380748845182241
Myanmar,1.2392818438289106e+17,45790861.29683685,3.9360679599228536e+16,32.69189523277284,314.85275570628113,0.7344970500602163,5223981610.627199,7.131057332869498e+16,41383424.2325484,3.557215688469279e+16,38.56614539823054,200.46738678188203,0.555385359351785,3090158712.5606713,-42.424059810695724,-9.625145584656014,-9.625145584656009,-40.84667705808286
Namibia,4450599504278593.5,1779216.9198179692,1529370383852531.0,4.375841010606103,291.0086105543247,0.02637779471368891,2194007542.0612926,7778790941240828.0,2124576.1495484696,1826232543748125.8,10.073116899028765,425.9474494565616,0.06058325435570453,2999224421.870991,74.85551029503716,19.410743337908112,19.410743337908105,36.70073435815034
Nepal,2.4816227454586064e+16,22940405.316625595,1.9718998900038444e+16,27.52648924784221,125.84932724215368,0.14708071412311607,5636078094.699286,1.4286593600700182e+16,41108418.31431156,3.5335768672524356e+16,27.96981116515969,40.43096878152492,0.11126772020559479,3506401576.3095694,-42.3324242787989,79.1965649557162,79.19656495571621,-37.786497678104766
Netherlands,1.4511399596950084e+16,8866651.625,7621552070559375.0,41.570872377826625,190.39953361999451,0.08600610304492061,16553900472.58486,6351487982946379.0,9573362.813369162,8229023340301798.0,35.60721941624125,77.18398308387152,0.049467046346236054,8789323703.820507,-56.231044838147106,7.970440457777232,7.970440457777236,-46.90481727628708
New Caledonia,0.0,69622.68518066406,59845919614169.31,23.98468856845547,0.0,0.0,0.0,568693598106849.5,133571.8897886898,114815057165113.03,21.265794559238888,495.3127334936773,0.004429134188695946,2417529978.245934,inf,91.85110347594868,91.85110347594868,inf
New Zealand,4330969434697371.0,2157482.8432654403,1854518314999890.8,3.598314355707435,233.53608317950886,0.025668771712638334,5474409286.767417,3970757252850321.5,2977824.2501458176,2559663279819091.0,4.008966784484679,155.12810939456702,0.03092529397580347,5348811900.262831,-7.75604371637323,38.02307904515043,38.023079045150425,-2.2942637264659145
Nicaragua,1.7638433460922494e+16,4717731.040576935,4055243659203918.5,34.71157559112385,434.95372764814533,0.10453939440203355,4116926429.657228,1.944306605212076e+16,5301897.333528373,4557378400467652.0,33.899604578563995,426.62830126472767,0.1514276736562482,5458457646.553657,11.316472529838771,12.382356856019507,12.382356856019527,32.5857466684952
Niger,1.0648569368553752e+16,10542861.613089085,9062380271071050.0,23.872817387168485,117.50300748850871,0.06311189684179776,715219888.2204757,1.492758020945287e+16,35363191.05281747,3.0397314949225576e+16,21.409910796259656,49.108219704231395,0.11625989123191499,1499926128.2644813,40.40361357860786,235.42307914687663,235.42307914687657,109.71538305463199
Nigeria,1.8720085415325386e+17,119144992.85244751,1.0241405723114258e+17,62.50275912086556,182.78824139419885,1.1095012472667205,3171691813.7587056,1.8086693995619443e+17,316576428.4715945,2.7212118350347085e+17,63.2114480386935,66.46558626108853,1.408638940251065,3175081428.9550514,-3.3827137934023623,165.7068676512924,165.70686765129238,0.10687088769601621
North Korea,2.320655785453859e+16,20164580.490516663,1.733296927513586e+16,31.875509312604635,133.88679969466278,0.13754053100259503,6205549368.585802,1.8443926295998656e+16,20264191.822179243,1.7418592685549722e+16,33.416764125373284,105.8864319808083,0.14364611242915262,4688539161.101551,-20.466669077817762,0.4939915894081072,0.4939915894081042,-24.446025925823328
Norway,4084461938335196.5,2668947.5977783203,2294160631360299.5,5.555164490558628,178.0373127540488,0.02420777210389443,997161491.0309057,9216975308322250.0,4233774.338205366,3639246576762878.0,6.045855027062091,253.26602949011442,0.0717842096171906,7794008303.501472,125.67349064592108,58.63085291482065,58.63085291482067,681.6194642097252
Oman,1037118974427772.4,667347.6053727865,573635317888313.0,2.6987075379034704,180.7976151548081,0.006146792443316396,1143266672.8971956,1478120427216388.2,1557989.1376280582,1339208512976638.2,4.144914372387527,110.37268751607563,0.01151198772236559,8007474652.870568,43.22285233477175,133.45991280777147,133.45991280777147,600.4030505479988
Pakistan,1.826853989302849e+17,129189192.71616554,1.11047800328998e+17,42.559549504928185,164.5105966881364,1.082739065948041,5358948415.8744545,1.7617575759600195e+17,230296127.8325915,1.9795679408169984e+17,43.52552635364953,88.9970755554323,1.3721027874860185,5535851415.296911,-3.5405500642419905,78.2626882254481,78.2626882254481,3.30107673547349
Panama,9051119650481718.0,2082839.7537384033,1790356981319688.0,35.387183489420735,505.54832052600244,0.05364413846717077,3520038590.9722223,7951810172070452.0,3320354.7586477553,2854093941664644.0,35.80830742923043,278.6106671538841,0.06193077328878276,3973864077.9000983,-11.940569783570991,59.41479668266304,59.41479668266303,12.892628168673882
Papua New Guinea,2.123016589506739e+16,4541411.434844971,3903683734106865.5,13.935501994324317,543.8495365179654,0.12582685932070167,3692587454.2193656,1.4070453991397386e+16,6501510.763553698,5588536114581670.0,16.892620332502382,251.77351819709284,0.1095843685092134,2859240165.375415,-31.281503520227265,43.1605758876951,43.160575887695124,-22.56811244623928
Paraguay,3.5441187447311496e+16,5704727.678309202,4903641294082632.0,20.947278902581353,722.7524470454114,0.21005268301401214,3903623926.0101523,3.719627436004785e+16,8661344.948439376,7445075584054777.0,26.09367274042253,499.6090897950268,0.2896942940955151,4000314834.2799125,5.013539742501665,51.82749180775045,51.82749180775046,2.476952444765517
Peru,2.4757120138414744e+16,15456971.437288642,1.3286426223207384e+16,5.496586768232431,186.3339300012182,0.1467303971263732,4795907029.058391,1.987962829115017e+16,13302266.483293043,1.1434295712376618e+16,8.041572860331787,173.8596656165908,0.1548277343300726,4228142163.108523,-19.42295352047014,-13.940020286235079,-13.940020286235075,-11.838529448335457
Philippines,1.0345750755899133e+17,50368466.69346619,4.32954747580362e+16,65.17290885903627,238.95686128210954,0.6131715274217506,6997625192.293233,8.309348665247638e+16,93194401.85765849,8.01075779767968e+16,64.19763328663754,103.72737355327914,0.6471537640226528,5851986884.441415,-19.681183576068722,85.02529057480263,85.02529057480263,-16.3718158142216
Poland,1.5558857046520822e+17,37130409.634643555,3.1916371861698732e+16,60.4096937404372,487.4882744799775,0.9221416951990657,8426507520.300752,1.0332431856063171e+17,35299326.12472049,3.0342418253656616e+16,57.18868170936807,340.5276326259194,0.8047167637969813,5968657443.746276,-33.591143959049354,-4.931492886667803,-4.931492886667798,-29.16807551210436
Portugal,1.831749367991876e+16,7393933.918613434,6355640748092142.0,52.597282913697796,288.2084498784386,0.10856404569624602,3722322056.632248,2.4328925903645932e+16,8323230.307808742,7154440691834699.0,50.788384215924665,340.0534989606151,0.18948002554064758,5538202622.09218,32.818868408128154,12.568362111756292,12.568362111756292,48.783542579946484
Puerto Rico,368807762416524.06,2525429.5219726562,2170796081349646.0,18.8602407471641,16.989516684000357,0.002185848319195126,2960030561.7283945,257353650956489.47,1847953.7916076726,1588454880421165.2,10.937680656723323,16.201508404711777,0.0020043374109214927,4065127115.3746524,-29.938810531437813,-26.826158658183253,-26.826158658183246,37.33395755890371
Qatar,0.0,222671.68753433228,191403015812323.66,7.727857011691254,0.0,0.0,0.0,130075827031026.69,1658671.1918328956,1425752289719761.2,4.786680541103017,9.123311810117713,0.0010130644947365403,8713042628.369257,inf,644.8954153981323,644.8954153981323,inf
Republic of Serbia,5.049452883688074e+16,7914610.037261963,6803200922779452.0,62.51701034211807,742.2172211290676,0.29927076443144945,10031696185.22449,3.495423775000997e+16,7101143.6535046,6103965555961216.0,58.52699054023442,572.6480175805249,0.2722327277355559,7620757253.656751,-30.776187925374582,-10.278034924368548,-10.278034924368557,-24.033213197971133
Republic of the Congo,4358054720377775.5,2154384.1823272705,1851854783523963.5,18.097120784841206,235.33458234153062,0.02582930067165891,1028589679.0128255,1.3075300932767864e+16,6629782.100374512,5698794948929421.0,14.399249878428936,229.43975085863016,0.10183385672284155,3659163439.153298,200.22455924377113,207.73444006689186,207.73444006689184,255.7456888606085
Romania,1.0591504917877075e+17,21778050.56193638,1.8719867811776464e+16,58.27155635541323,565.7895143476428,0.6277368749180979,7214606838.020833,6.560046931988522e+16,16826236.184844825,1.446341196858799e+16,52.71919125976366,453.5615072180617,0.5109135788172039,5327131483.085631,-38.05109859878645,-22.73763835293101,-22.73763835293102,-26.16186019989675
Russia,8.952851703671722e+17,129711293.73415405,1.1149658531153546e+17,24.645716592078724,802.97093212822,5.306172440690814,2252455890.595518,7.480234584972387e+17,120021746.54461351,1.0316769278608616e+17,24.02290166778044,725.0559145955058,5.825801952063155,4430328144.821326,-16.422514225188976,-7.470087538714601,-7.470087538714593,96.68878593001033
Rwanda,3038773130109210.5,7270383.648193359,6249440024395807.0,72.67452799397925,48.624726667458454,0.018010188005107255,1723581671.2177126,3519281296353092.0,18183859.263330393,1.5630390826277222e+16,72.3406898908165,22.515632113540047,0.027409081377397573,2114907433.0668576,15.81928550058358,150.10866198029257,150.10866198029257,22.704219265262477
Saudi Arabia,2.0326795137155544e+16,6884714.559170723,5917928517199174.0,6.826976730157272,343.47821333225176,0.12047276525323047,1941393535.755694,2.4811980863877376e+16,10061147.945153203,8648311244955064.0,10.409392222607552,286.89972135717574,0.19324218366323342,7855083093.88056,22.16155495675228,46.13747394583469,46.137473945834685,304.61055160683554
Senegal,1.975130087783536e+16,7190726.768310547,6180968961870538.0,31.837888067072328,319.5502355646525,0.1170619282599983,3390056183.2813196,1.6677838775723664e+16,13180516.92052554,1.132964283196074e+16,31.792836705482486,147.20533579995788,0.12989136181771788,3066541793.780154,-15.471953290995845,83.29881450386812,83.29881450386812,-9.543039171345761
Sierra Leone,8466281479341677.0,3202262.00201416,2752584360381321.5,68.20975517857433,307.57573141804903,0.050177922016054304,1840641723.0862699,1.079064207128426e+16,8575209.517874599,7371035721327058.0,69.21101576299495,146.39248104663298,0.08404033714289551,2229044961.2727885,27.454326880274333,167.7860060320161,167.7860060320161,21.101512223425484
Slovakia,1.8922751923786772e+16,5053809.128814697,4344127981900893.5,41.916634605701766,435.5937947184189,0.11215128774985474,7767542386.476427,1.3531201096519328e+16,5285825.850651573,4543563755573826.0,38.37375863151692,297.81030540002655,0.1053845262021985,6973207061.187729,-28.492424616580298,4.590927673030115,4.590927673030108,-10.226340401716568
Slovenia,7831237731363175.0,1901337.8281097412,1634342463597430.8,28.99879881286575,479.1674881973914,0.046414147360014174,11840046012.861738,4683139951355897.0,2442509.3004091126,2099519931899163.0,28.876339034649035,223.0576561909402,0.03647351638570951,8070018651.102305,-40.199236544684716,28.46266793299902,28.46266793299903,-31.84132356972334
Solomon Islands,0.0,108502.29959106445,93265864170989.23,5.059833506763789,0.0,0.0,0.0,63618131052698.48,175854.05805319696,151159751951076.78,5.419191610046724,42.08668658922426,0.0004954746109406789,2732555788.8501987,inf,62.074037800097614,62.07403780009761,inf
Somalia,2.0282877785655212e+16,3761369.5924453735,3233179267426232.0,18.049401584752953,627.3353905860398,0.12021247607620365,2496247379.2098627,1.055477282885954e+16,6738320.958454259,5792092237863319.0,22.52756112575823,182.22729189052342,0.08220332591371537,1777023370.3741312,-47.56273499954662,79.14540948031336,79.14540948031336,-28.81220887103695
South Africa,1.0899273587920272e+17,40393292.4071891,3.4721064320909572e+16,15.680519251533648,313.9095474488827,0.6459776957106675,5934180506.540188,7.298506548371115e+16,50356362.38503341,4.328507019711509e+16,20.77056509409808,168.61487148188925,0.5684267413493573,4314188029.788495,-32.24924884143402,24.665159446302283,24.665159446302273,-27.299346134925695
South Korea,4.2534330253862424e+16,37682752.725097656,3.2391152173675816e+16,38.62664603713475,131.31465662536678,0.25209229242982434,12038725382.020683,3.40234140181536e+16,39577821.07227288,3.4020105548198964e+16,41.277994657900145,100.00972504318057,0.26498322953803977,9178559104.885977,-20.009522155191423,5.029007198598479,5.0290071985984905,-23.758049015772396
South Sudan,7019148905936682.0,5727653.576472759,4923347822996572.0,6.092730485119746,142.56861709324676,0.041601062672032806,2391048407.742242,1.3832622552502526e+16,11885564.667539435,1.021653424910021e+16,15.133487031045536,135.39447150310087,0.10773207518172977,1891774849.2411432,97.47705727017133,107.5119332698693,107.5119332698693,-20.88094732354415
Spain,1.82743083310219e+17,30947154.20230484,2.6601400073446184e+16,54.97210527345145,686.9679144919714,1.0830809494921851,6586115609.891618,1.67242134302437e+17,40886381.91595774,3.5144911735409376e+16,53.368456820400866,475.86443113452566,1.302525397323408,6412310953.764123,-8.480872228412972,32.116774449369764,32.11677444936976,-2.638955439325411
Sri Lanka,2.3440388952824148e+16,13038133.22982788,1.12072533710293e+16,47.89016543141711,209.15373443253677,0.13892640018770663,8039654168.950438,1.8637200495157984e+16,17222937.42887333,1.4804406440423792e+16,46.24249228690878,125.8895489674524,0.14515138234275657,6876060048.1709385,-20.317945526714464,32.096651608619084,32.096651608619084,-14.47318623820114
Sudan,6.505838849505045e+16,22181250.200667143,1.906644814123846e+16,42.603262198416004,341.21923503065517,0.38558778754998907,1439125475.887978,7.55453669752375e+16,44724910.5171743,3.8444414957800104e+16,44.41136030169453,196.50544053840486,0.5883670376833385,2021022368.8597505,16.166985753548495,101.63385793208859,101.6338579320886,40.43406240256617
Suriname,498843536472397.06,332554.76483154297,285855761980073.56,0.9488703504470982,174.50882676528676,0.0029565438064399247,4766677624.036981,394262256539029.44,396727.02882028336,341016635798195.06,3.382342387599118,115.61378981298255,0.003070617368584011,4570904480.445326,-20.829455007635932,19.296750723522823,19.296750723522816,-4.107119445301425
Swaziland,2370858258137237.5,1170810.430847168,1006399376095454.4,31.38618903181525,235.57827185222416,0.014051592907489668,4198048906.382979,2348176204210030.0,1620856.4610232038,1393247692484020.5,34.501793107144316,168.53975189605146,0.018288209225092826,3782126076.862272,-0.9567022342798966,38.438847000226524,38.43884700022654,-9.907527015426421
Sweden,3.4528018671968252e+16,6285469.560706377,5402832497644184.0,10.997863086018288,639.0725362487848,0.20464051809739844,4181380736.264452,3.395629613663824e+16,9234978.766121197,7938156872888628.0,12.687663261148716,427.7604572493392,0.2644604979569526,8015708833.099577,-1.6558220173639628,46.92583707434814,46.92583707434814,91.7000469146616
Switzerland,1.2169262212804322e+16,7323201.905639648,6294841278040201.0,16.81326849157975,193.32119231119086,0.07212473289448121,12415297556.462585,5587617976911452.0,9143041.75741081,7859130118626396.0,13.045070602665968,71.09715569753216,0.043517827345509755,9360813302.58561,-54.06749871875849,24.850330159130117,24.850330159130102,-24.60258596288748
Syria,1.9254728334883516e+16,14398692.700757146,1.2376756278253324e+16,48.36938201620713,155.5716853592341,0.11411884416855264,2696922385.854256,2.1559971865192652e+16,23551488.699531343,2.0244270898899656e+16,45.193055479489516,106.49912744629647,0.1679146887064234,3939395073.4809775,12.000599759714731,63.56685422068146,63.56685422068147,46.07002018833276
Taiwan,1.11106269455293e+16,15743958.159973145,1.3533112835358916e+16,28.96081909496259,82.0995663059853,0.06585041777580866,11743800398.963728,5312095577639845.0,13972880.90386624,1.2010739102940824e+16,29.83333710356059,44.22788249841495,0.041371986980104185,6160145495.923142,-52.18905644404419,-11.249250271825703,-11.249250271825705,-47.54555351207508
Tajikistan,1.2516224418643118e+16,5861997.344711304,5038826367580219.0,27.99260680610291,248.39562837831517,0.07418110705940574,3282808115.9207163,8272395521811576.0,6429420.486885779,5526569115014843.0,27.703570939227657,149.6841050867661,0.06442757567527047,3272946799.4825573,-33.90345272789351,9.679689512080797,9.679689512080792,-0.30039271531998224
Thailand,2.301467358776977e+17,59542832.578941345,5.11815303140435e+16,69.10501848798901,449.6675548103895,1.364032721248306,6817886315.228342,1.658715808913689e+17,66348577.477190636,5.703157848495614e+16,68.083947672135,290.84164474795784,1.2918511696011277,4981528227.166413,-27.924567226542724,11.429998546384732,11.429998546384745,-26.93441930764177
The Bahamas,0.0,5025.09846496582,4319449013022.995,2.1158515435310443,0.0,0.0,0.0,8791660096486.47,4656.822304626402,4002888032499.2393,1.5839981500751537,219.63292565536284,6.847174372697256e-05,3955832344.515688,inf,-7.3287352060259225,-7.328735206025931,inf
Togo,8900971594647637.0,4563354.0419921875,3922545050645434.5,49.604281254645485,226.91827575525303,0.05275424159156033,2824235044.571429,8318567258024448.0,9333560.693493847,8022895433109973.0,53.27381550607423,103.68535059916469,0.06478717320914926,2733802642.1836033,-6.542116343279434,104.53290732224598,104.53290732224598,-3.2020140307248544
Trinidad and Tobago,281420424491387.5,692438.9331054688,595203195924133.2,27.429760665972946,47.28140346330707,0.0016679214066187382,3370883997.4999995,254838409668797.8,614230.6386091587,527977301182467.56,27.819235914969532,48.266925320095595,0.0019847480552170845,3106151949.8364635,-9.320108413720964,-11.294612529304121,-11.294612529304118,-7.853490296903524
Tunisia,7531868691293606.0,7199874.489059448,6188832113933275.0,51.86021054907628,121.70096962780224,0.044639848172905186,1157407606.363637,1.7153450587718296e+16,9793236.845738292,8418021561675492.0,47.052714878924895,203.77057081692882,0.13359555075894322,3706905364.8895473,127.74495003539622,36.019549516030885,36.019549516030885,220.27656847149692
Turkey,2.6216299791619635e+17,51480927.234375,4.425171802748789e+16,57.32493838388129,592.4357507506223,1.5537865705307026,5814598118.545744,1.9171268219223478e+17,76595421.7132372,6.5839509619155864e+16,52.86134408217627,291.1818197024608,1.4931084118599305,4730024600.099944,-26.870478478856434,48.78407563353418,48.784075633534194,-18.652596384718954
Turkmenistan,2.9226169443497188e+16,2741409.8552246094,2356447376304693.5,24.58930738872434,1240.2640405799661,0.17321754004307263,4349011917.313117,2.2240210077819948e+16,4071116.31418257,3499429805763483.0,31.037962819462532,635.538110842824,0.17321256146960315,4645303080.086712,-23.247339175363045,48.504475039505365,48.50447503950538,6.81283860350164
Uganda,2.735814201178794e+16,23529453.93838501,2.0225330369087296e+16,54.726971679101865,135.26672500540482,0.16214612279562182,2096514800.2704792,2.3384500115740864e+16,74742395.4306991,6.4246694552343176e+16,57.050723136780356,36.39798168400556,0.1821245909800663,1889681260.4177647,-14.487992468939783,217.65461122226614,217.65461122226614,-9.865589302113687
Ukraine,2.854373408527028e+17,46235532.08137512,3.9742907488848024e+16,78.3021930654486,718.2095092886632,1.6917288498764318,6250075300.664932,2.0219407975363245e+17,35267825.55593394,3.0315341152241916e+16,73.08421018385303,666.9695014752606,1.5747402720374357,4760417089.643696,-29.163409682276846,-23.72138057400936,-23.721380574009366,-23.83424421882973
United Arab Emirates,607588247804967.0,770094.9664535522,661954380789312.1,9.758483477339082,91.78702723901924,0.0036010515112945866,1672512385.7677908,1412292919567732.2,4759159.031157523,4090854124207228.0,8.256105772173598,34.523179675623915,0.010999305909779886,8370033693.134848,135.85719663544774,517.9963820662849,517.9963820662849,400.44673895150044
United Kingdom,1.3201374657584685e+17,48930374.3016243,4.20593264903187e+16,35.47435481618621,313.8750845338287,0.7824185265861351,17596256581.98052,5.852759228044634e+16,65769742.68918505,5.653402657205624e+16,36.32982618414449,103.52631119569942,0.4558281661941213,9979030923.051474,-55.6592511294379,34.41495927204005,34.41495927204006,-43.28889854180394
United Republic of Tanzania,7.1896268244421416e+16,31683782.718785286,2.7234587530499864e+16,30.193845041392798,263.98882730977726,0.42611450493545605,2559087662.3910336,5.618489692183913e+16,74138405.35550722,6.372751978346012e+16,30.995408420217114,88.16426108022077,0.43758264322525364,2426597212.9741974,-20.2767899575181,133.99480426164718,133.99480426164715,-5.177253259587301
United States of America,2.4737929064587817e+18,242453711.47114512,2.0840714903780957e+17,26.39349752749481,1187.0000227343364,14.661665554947882,11415874237.922241,1.5621757613242596e+18,334655938.0163723,2.8766187792042323e+17,29.79324563620411,543.0597104550674,12.166632605442832,8700573747.44963,-36.57355334746264,38.02879567640703,38.02879567640702,-23.78530486480562
Unknown,7.689175712482603e+16,53347329.60439581,4.585603084469853e+16,25.7992038095633,167.68079510683506,0.4557217477473854,5333275225.782798,6.0477567073683576e+16,59384473.32340099,5.104540865696241e+16,27.302734828027052,118.4779761096783,0.4710150788876587,5254243951.821525,-20.932554077300797,11.31667463727692,11.31667463727692,-1.481852531802787
Uruguay,3.4808156231243956e+16,1733165.9728739262,1489786141133105.0,21.6202585417594,2336.453217692674,0.20630083622376874,8745299348.08904,1.1976378602940854e+16,2156293.2216727086,1853495746019318.5,15.61556293576338,646.1508546033656,0.09327516276539045,4485759924.9727125,-65.25775457250104,24.413544658804675,24.413544658804682,-48.70661658994088
Uzbekistan,7.076657898974693e+16,20449980.99006653,1.7578292409536436e+16,47.14583023636088,402.5793708571784,0.41941906733847234,6383673211.652403,3.533429690433121e+16,27576513.364749808,2.3704081475504816e+16,43.990070227303065,149.06418939221396,0.2751927276366183,4231123143.245589,-49.9841747165365,34.84860146395714,34.84860146395713,-33.71961560434623
Vanuatu,0.0,17145.465801239014,14737813766100.025,23.43094990337446,0.0,0.0,0.0,103070550674791.4,54420.136702045544,46778189005660.8,9.811208562509295,220.3389076527064,0.0008027403532607804,3609878460.8968472,inf,217.40249773857343,217.40249773857346,inf
Venezuela,8.695233118317691e+16,21421509.95474863,1.8413394419353056e+16,19.735620636119865,472.22325880222974,0.5153487164193415,5682315922.620475,6.549242955843656e+16,30155639.827767123,2.5921034104952924e+16,21.42880443700743,252.6613301508771,0.5100721369533183,5559814949.34677,-24.29732522456144,40.77270879349169,40.772708793491674,-2.1558282739269377
Vietnam,1.3449577450232774e+17,72730212.48258972,6.251707239472206e+16,47.06923399991784,215.13447343334394,0.7971289994236519,8593267212.791002,8.056069797696746e+16,87902226.72431926,7.555855653655674e+16,47.99083058468468,106.62021837062304,0.6274277446815123,5158763351.264487,-40.09881226969101,20.860676359719758,20.860676359719758,-39.96738116573736
West Bank,1062603292216039.2,1599216.3837890625,1374646423095483.5,50.574247504528444,77.30011691466281,0.006297832792462859,4854118774.0740795,1547228680499813.2,2612197.236709072,2245379439744200.5,58.29961074498016,68.90722579503434,0.012050220838331082,6459154630.206195,45.60736747512768,63.342325853361324,63.34232585336131,33.06544258258854
Western Sahara,0.0,174.4763702005148,149975525915.1075,0.33992369060006933,0.0,0.0,0.0,9106465904112.97,1060.2884197168466,911397418378.1084,1.44038556328386,999.1761794013555,7.092353353083212e-05,3118925322.4556193,inf,507.69743117553594,507.69743117553577,inf
Yemen,5886946666665362.0,14663214.431109905,1.2604132544621296e+16,11.335676844518815,46.706480162949134,0.03489073112834594,1202303441.646721,6342399737904379.0,37123532.12311878,3.1910460124729824e+16,15.25859795808399,19.875613554657505,0.04939626472153556,2918378970.5076737,7.87375657450094,153.17458390539804,153.17458390539804,142.73231444056668
Zambia,4.1397213166334616e+16,10346346.888355255,8893461126557968.0,17.36392824836109,465.47921644041145,0.2453528315838415,3191149479.382275,3.654483058577252e+16,23606360.959219765,2.029143772152133e+16,19.4871632718372,180.09975974749517,0.28462067993446055,2890711162.604239,-10.427676833924938,128.16131349499375,128.16131349499375,-9.41473656182954
Zimbabwe,4.375824213301574e+16,12044921.053649902,1.0353513014691114e+16,37.36844439072327,422.6414944466193,0.2593461682874285,2875714022.106857,3.317486859492859e+16,11803277.839427084,1.0145802548825536e+16,37.382199300523446,326.98121647132655,0.2583745362853311,2427363863.8714075,-23.853430825259675,-2.0061834622784422,-2.0061834622784294,-15.590916022552584
