,Country,Calories2000,Population2000,Caloryrequirements2000,Cropland2000,Sufficiency2000,Percentageoftotalcal2000,Yield2000,Calories2050,Population2050,Caloryrequirements2050,Cropland2050,Sufficiency2050,Percentageoftotalcal2050,Yield2050,diffCalories,diffPopulation,diffCaloryrequirements,diffYield
0,Afghanistan,2.28360795634454e+16,19445027.75772285,1.6714459734844622e+16,15.554691276551392,136.6246945801008,0.13534478180095602,2473384673.240557,2.3935087005355184e+16,54590081.92242601,4.6924269668469336e+16,17.730281518296962,51.007905236377745,0.1693385712525392,2543064990.312865,5.014373109191816,180.7405708163354,180.74057081633546,2.8172050157088964
1,Albania,1.0068587383244016e+16,2927076.764282226,2516042009657895.0,50.13049146602558,400.1756466941121,0.059674462012752685,6714504501.839081,7632222715405610.0,2809608.926234873,2415069592768341.0,47.87597992230635,316.02496003673986,0.053997283979740525,5484159026.9623785,-24.197681115555238,-4.013145110533457,-4.013145110533455,-18.323697222032017
2,Algeria,2.037170641766593e+16,25647692.48662484,2.2046115269190544e+16,16.241037290848375,92.40497098432304,0.12073894524459862,508894731.4221539,3.723596662298893e+16,36509007.62185256,3.1382230226553908e+16,15.401929232740988,118.65302865403721,0.2634410890477819,4888347130.831376,82.86349768885172,42.34811822112983,42.348118221129816,860.5812025544916
3,Angola,1.3063030079936026e+16,14172930.737222195,1.2182696938447768e+16,6.381354054957018,107.22609407371849,0.07742191258863862,1874494007.6105163,2.549153990223764e+16,32020350.49472393,2.752389277650232e+16,12.33800807378219,92.616041303577,0.1803503344318826,2146001047.6837683,97.10955708683392,125.92610581683908,125.92610581683908,14.48428423728875
4,Argentina,4.744144438026365e+17,32036182.176091075,2.7537501294013484e+16,33.925728297770746,1722.7940862803405,2.8117575611565324,6539490389.200214,2.9573883940343e+17,37049650.69608151,3.1846953497084264e+16,41.76525477372884,928.6252119233516,2.0923254850611657,4475005633.056586,-37.660520257779005,15.649394464150722,15.649394464150724,-31.569505164394254
5,Armenia,7610412703700250.0,2921641.295547485,2511369816620229.0,56.86274033084696,303.0383121328682,0.04510536250041548,4633777030.607477,5807933982106984.0,2111652.3740867157,1815123589455588.0,56.277534110690745,319.9745745053626,0.041090606532536086,3683815430.8922524,-23.68437549670439,-27.723763444033146,-27.723763444033143,-20.500805141042523
6,Australia,3.0872952584392403e+17,12499708.155725876,1.0744436637958068e+16,30.625231356733128,2873.3896084718012,1.829776875438168,3868227275.339664,3.4445371632059795e+17,29315225.70426754,2.519863513474577e+16,34.556392745880004,1366.9538626940919,2.436978824071416,5838517639.11496,11.609707276040448,134.5272812696735,134.5272812696735,50.93522752233543
7,Austria,3.1303174165557e+16,7944847.985534667,6829192707165962.0,25.78146521186821,458.37298064103777,0.1855275230296763,10885929598.806862,1.7884480612586428e+16,10540299.102775216,9060177601268006.0,25.755879765037683,197.3965787390683,0.126531079408716,8387324921.098423,-42.861374656712755,32.66835466161384,32.66835466161384,-22.952607354564318
8,Azerbaijan,2.566119288203999e+16,6341322.702545166,5450842462040261.0,59.15708124492211,470.77480335828596,0.1520886517198639,5847983887.331536,1.6199534359364016e+16,7979325.467206582,6858828688474098.0,59.2398349080945,236.18514319487943,0.1146102373790144,3813113906.7625375,-36.86364896291804,25.83061675766768,25.83061675766768,-34.79609417148241
9,Bangladesh,7.937121323588998e+16,119931188.59765624,1.0308985143883037e+17,74.79319985456921,76.99226657920433,0.470416977959938,8024165907.228915,5.869800354233317e+16,159385715.34330592,1.3700397626622218e+17,75.8025604109108,42.844014562229134,0.41528305508190827,5788414358.909169,-26.046231184745,32.89763672568213,32.89763672568213,-27.8627283404693
10,Belarus,6.558604641370143e+16,9971178.170715332,8570975476092632.0,54.41177036934922,765.2109914051584,0.38871510831741546,5615332620.133234,5.017392409687139e+16,7957515.853154227,6840081689475045.0,54.35801184465768,733.5281415436148,0.3549759655687313,4464633512.814329,-23.499087320516075,-20.19482836516845,-20.19482836516845,-20.492091656212565
11,Belgium,2.265201360228241e+16,10655538.871582033,9159234825540124.0,56.94057073448121,247.31338407350648,0.1342538604244836,13025545267.657991,1.3837006437303504e+16,15722203.029283013,1.3514412668895944e+16,51.88020533134235,102.38703505887476,0.09789556645358816,9000290624.025736,-38.91489436546482,47.54958166605356,47.54958166605357,-30.90277267414542
12,Belize,1033942627966508.8,173231.60052490234,148905553021192.94,12.518210197710715,694.3613632859973,0.006127966886261843,5043793182.222222,1099741364326442.4,221618.00775237192,190497299013745.03,16.66095746537317,577.300239961456,0.007780570479676618,4753003290.385851,6.381501911734607,27.931628571724662,27.931628571724648,-5.765301655534071
13,Benin,1.332648417242971e+16,5745425.961975098,4938624521264745.0,37.96466284662606,269.84202008167443,0.07898335121316524,2860929848.3162518,2.1134586453472944e+16,14213043.799657656,1.221717712409073e+16,64.51239086850524,172.99075096323364,0.14952528366592704,2840635553.9741263,58.590864477195865,147.38015760230346,147.38015760230346,-0.7093600828440352
14,Bhutan,660052271281939.0,550330.0091209412,473049917590133.0,3.3107602757544217,139.5312094428545,0.003911995068403988,4902757233.203125,472919255253552.25,560203.6190683804,481537025860703.1,3.9371755785579134,98.21036179061261,0.0033458608687962463,4576733202.112832,-14.14278252384194,1.7941253036901803,1.7941253036901808,-6.649809802581051
15,Bolivia,2.406555537062289e+16,7954405.201395035,6837407850989137.0,8.16429296908976,351.96899022399884,0.1426316339241357,2821991246.764541,2.3886330665261924e+16,9757174.891887223,8387023607693962.0,12.897311647568552,284.80104245026143,0.16899362456531608,2791060431.065964,0.5776541302431144,22.663789998729538,22.66378999872955,-1.0960634882918088
16,Bosnia and Herzegovina,1.4441865595056788e+16,3727504.4698333736,3204069654657022.5,30.553747215004787,450.7350698217798,0.08559398921041374,8269721274.723928,1.0599031049583264e+16,3173369.53091701,2727749114537988.5,29.348211378740192,388.56326606776184,0.07498718405310835,6842067507.529325,-26.608989816307894,-14.866110648584547,-14.866110648584554,-17.263626182398315
17,Botswana,2520531345873373.0,1635963.0485083237,1406232937421542.2,7.556443315231628,179.2399593836139,0.014938674744143869,1064568889.4917632,6408409852892877.0,2248966.074040714,1933155013093547.2,15.008870763972382,331.5000509264783,0.045338918895376334,1391939080.3107572,154.36849254104936,37.47046891378925,37.470468913789276,30.751433190508127
18,Brazil,9.980831303120384e+17,157959524.76304185,1.357780584981917e+17,30.204770775291422,735.0842554029676,5.915434964044107,3978216189.8066382,1.0930129440206972e+18,188430430.79136336,1.6197008754748614e+17,43.17941335247913,674.8239508731817,7.732967515830841,3786818669.005244,9.526811064003802,19.290325210861138,19.29032521086113,-4.811139256127175
19,Brunei,506506986429364.5,234504.3640475273,201574088726153.28,17.188885034878787,251.2758408733154,0.003001963509913397,3884119696.2962976,313364258356301.06,379619.2322754912,326311201583205.4,15.721190963713875,96.03233258187643,0.0022170237267069483,3735332610.4328213,-38.1322929886177,61.88152140254128,61.88152140254128,-3.830651408743986
20,Bulgaria,4.714159714840084e+16,7802636.94229126,6706951649670010.0,61.39493142614882,702.8766511343537,0.2793986227834041,6706112113.227511,3.77191263295173e+16,6259509.05241556,5380517493730105.0,58.771029980098575,701.031571284198,0.266859400181224,5869875390.294745,-19.979637119993328,-19.77700489320162,-19.777004893201624,-12.469769500025606
21,Burkina Faso,5.956497762386951e+16,11683553.548919678,1.0042890541812632e+16,69.96777044021265,593.1059128432828,0.35302946274483554,2936186161.588181,5.9153789700053e+16,31303393.553342354,2.690761451361425e+16,75.18748430155372,219.8403343043412,0.41850770083847866,2783680486.6084538,-0.6903182712720508,167.9269917518958,167.9269917518958,-5.1940056449702965
22,Burundi,3583290835196196.0,6670096.04296875,5733447806134863.0,60.899757197363826,62.49801090649204,0.02123743328497246,2283342891.6666665,4021035818588833.0,16473581.977204066,1.4160279228055184e+16,69.67637877211243,28.39658564516241,0.028448463977706482,2237936420.5857677,12.216283955881224,146.97668326034994,146.97668326034997,-1.9885962483609063
23,Cambodia,3.550593840578428e+16,12144963.580963135,1.0439507070106386e+16,39.82276177635382,340.11125398301436,0.2104364487265791,4641681101.7005205,3.0505038706526784e+16,14109308.760859542,1.212800907811584e+16,46.020203746530456,251.5255266552449,0.21582038408345436,4017634710.107801,-13.891443825965009,16.174154552224913,16.174154552224916,-13.44440468700218
24,Cameroon,1.7201833569552964e+16,15287701.272506716,1.3140925821314958e+16,16.419077904277838,130.90275223722136,0.10195175597366164,1791243558.7994266,4.807699987597208e+16,29888084.83891368,2.5691050525409224e+16,39.11636823675174,187.1352042549699,0.3401404167565425,2949709272.2035303,179.51214200183895,95.50411344486555,95.50411344486555,64.67382437821914
25,Canada,4.344452705058079e+17,24859696.307693984,2.1368773453686056e+16,30.201808481142386,2033.0847320151975,2.5748684303582987,6320439942.462945,4.32475564549332e+17,45947682.92656669,3.949547955160356e+16,39.2384413136376,1095.0001606747753,3.059725422599625,7617381497.711244,-0.43915296525688,84.82801381747393,84.8280138174739,20.51979873323355
26,Central African Republic,2681258762667454.0,3609335.7326407433,3102494762384667.0,2.4748978001845,86.42266846589489,0.015891273332486855,2040752551.4066875,1.4148812812629806e+16,5735806.239579642,4930355648386672.0,10.860585015573905,286.9734725376176,0.1001015682990536,2501856570.424925,427.8210493322583,58.91584115349346,58.915841153493474,22.59480301521122
27,Chad,4.772499696783466e+16,7953446.101333617,6836583432553845.0,37.80874055147473,698.0825647586182,0.2828563144175837,1670132126.237624,6.260832428585795e+16,18908974.949919056,1.6253682142576672e+16,41.75203813497164,385.19471302970095,0.4429482199379835,2418635013.3377504,31.190829290732307,137.74568544254592,137.74568544254592,44.81698635342762
28,Chile,5.219554556425309e+16,12054117.97334069,1.0361418456934324e+16,10.450987606170123,503.7490357251376,0.3093523433279653,8778771639.315767,2.537431559187833e+16,13487567.6028224,1.1593575922196066e+16,13.262208509924353,218.8653074958421,0.17952098306048928,5400963046.787722,-51.36714216501952,11.891783643166411,11.891783643166413,-38.47700716351381
29,China,2.8816992493346755e+18,1219139453.3035498,1.0479417955733988e+18,34.938217635413096,274.98657477993856,17.07924317891699,8649827296.411665,2.446635638597684e+18,1171721325.575617,1.007182358431661e+18,38.44070719302451,242.91883372614612,17.309725396986398,8174827984.11203,-14.976775952641676,-3.8894752851646253,-3.889475285164624,-5.491431169922744
30,Colombia,8.413569093311482e+16,38821278.20171642,3.33698002102404e+16,18.367384734338554,252.13123963294086,0.4986550646479284,5447419654.160178,7.204128323998614e+16,54158147.26855107,4.655298943836479e+16,21.867175580919877,154.75114296444343,0.5096855496004378,4805989614.853586,-14.273866171903302,39.50634749104308,39.50634749104308,-11.774933455268748
31,Costa Rica,9035110040881516.0,3727637.439025879,3204183951650670.0,33.34235945363608,281.9785061412277,0.0535492527792821,5213521797.769518,8013475490930206.0,6151179.403946654,5287400036147445.0,30.5621529736042,151.55795733528538,0.056694612812468625,5558554909.954867,-11.307383588342436,65.01549586201453,65.01549586201453,6.618042957698263
32,Croatia,2.945311724460541e+16,3907779.8298797607,3359029847268895.5,45.61532088091153,876.8340438699188,0.17456261333097478,10918527234.219269,1.806693473986864e+16,3560925.63464418,3060882652399271.0,43.77963010337845,590.2524464865351,0.12782192582286048,7400094107.52638,-38.65866695934275,-8.875991236339768,-8.875991236339775,-32.224429643458926
33,Cuba,2.043680896764945e+16,9019265.609825134,7752735236565440.0,55.172177558222586,263.60772480995,0.1211247947682756,4048484779.3594313,1.839100285958152e+16,6764991.248187288,5815017352160587.0,55.59733724858528,316.2673771342795,0.1301146783985414,3823045145.8023047,-10.00860831266961,-24.993990188981176,-24.993990188981186,-5.568494037732225
34,Cyprus,956117235092325.8,380704.10215759283,327243728612112.8,39.226952600702774,292.1728215074907,0.0056667116700210044,4394396026.086956,1341339104472935.0,712897.591511172,612788947223215.6,37.14277096623385,218.89087760983008,0.009489852594468835,6778459718.016159,40.2902337957971,87.25765955000597,87.25765955000595,54.25236318657701
35,Czech Republic,5.093095926735494e+16,10903461.812973022,9372343187886286.0,51.80901028141757,543.4175664115991,0.3018573984996887,11775562124.395302,3.538870160053552e+16,14360484.312740956,1.2343913303124308e+16,50.0041407271116,286.68948599613424,0.2503718564372189,8555066670.606978,-30.51632620000852,31.705733087951412,31.70573308795141,-27.348974255050287
36,Democratic Republic of the Congo,3.45296604499154e+16,44480160.09577656,3.823403361432714e+16,15.189405685990046,90.3113200093447,0.2046502485801376,1524701192.8550484,5.877073612389842e+16,111551706.19160156,9.588705784964592e+16,16.796413981323415,61.29162521187466,0.4157976315045055,2289066209.377946,72.85352321097757,150.78980370440158,150.78980370440152,50.13211900828917
37,Denmark,4.258058616062818e+16,3455331.4438934326,2970116525884697.0,73.31521228211791,1433.6335221038125,0.2523664417465152,18609026079.43925,2.3524468444814564e+16,4960597.116314173,4264005266255755.0,71.73180844201103,551.6988600127017,0.16643348215233394,10613307221.075666,-44.75306573734686,43.563568267263584,43.56356826726358,-42.96688512462185
38,Djibouti,16678747464472.098,199224.3823852539,171248298488804.62,0.6551817165760977,9.739511347940473,9.885153141197244e-05,648905279.0123488,31097688393145.83,327018.84262560983,281097221649908.53,1.5829864724245581,11.062965407703789,0.0002200133269026252,2889954148.869549,86.45098176219744,64.14599393423187,64.14599393423187,345.3583970326357
39,Dominican Republic,8559983739163358.0,6228600.94934082,5353949661029636.0,40.565244536940654,159.88166271845668,0.050733276181579405,5141094594.599999,6321772749636401.0,8844953.041163757,7602900510358338.0,36.957094313064275,83.14948671264996,0.04472596924202317,4481091369.58555,-25.392517161786515,42.00545376245093,42.005453762450905,-12.837795782005065
40,East Timor,4828234154507234.0,532154.5745544435,457426768422635.6,86.75899773714548,1055.5206839242576,0.02861595819502004,5222564096.8253975,3886280210806046.5,821674.4753287896,706290837130744.2,77.95451166939196,550.2379482358542,0.02749508026595732,4646362115.730592,-19.50928462783564,54.405226341754606,54.405226341754606,-11.032932682340048
41,Ecuador,1.381854836851027e+16,10786739.825201988,9272011885248000.0,16.230402095082034,149.03505883653924,0.08189971525304154,3977327819.908815,1.6443763788307748e+16,15284358.289199455,1.3138052276438622e+16,21.056861609943446,125.16135148736991,0.11633813845352907,4123565845.2435336,19.057708903243093,41.69580927027919,41.69580927027918,3.6767908494420234
42,Egypt,6.37792714502162e+16,58465129.65344334,5.025516382185855e+16,34.32489248480064,126.91088158879968,0.3780067219450112,6975493487.140233,4.324728748405574e+16,87953451.27238747,7.560258787746246e+16,33.70958815367951,57.20344858320385,0.3059706393153821,9272900885.500744,-32.066708479276386,50.43745185162248,50.4374518516225,32.93541027019705
43,El Salvador,2975390935980500.0,5219267.225097656,4486351625013318.5,26.763100543851728,66.32094817070134,0.017634534679387196,6325528013.207546,2490427658431102.0,3894997.547654642,3348042517025239.0,24.80508682852348,74.38458877887446,0.017619549968302752,5847217759.540442,-13.656957030142172,-25.37271268800068,-25.372712688000693,-7.561586205426705
44,Equatorial Guinea,126733570377487.72,293441.8756713867,252235300280232.25,13.102555208694662,50.244184789633856,0.0007511240001569369,228311052.57777783,927744555336348.0,823250.9132477748,707645903754956.1,16.674981825438653,131.10293586290692,0.006563708644670046,2997895325.275149,632.0590391880303,180.54990834699382,180.54990834699376,1213.0749875781278
45,Eritrea,3777663260645124.0,2691501.7985076904,2313547658452248.0,29.554095941285507,163.28443664620082,0.02238943897129958,1097721176.8577492,4248910382829746.5,8484496.465419553,7293061049263011.0,29.35379144226544,58.25962999801178,0.03006065586674025,1697514672.1138115,12.47974236980586,215.232799403062,215.232799403062,54.63987649149527
46,Estonia,5934486710113375.0,1076654.5895996094,925465368855084.2,26.41745438739677,641.2435202686269,0.03517249126100807,5406978804.76731,5211117293310074.0,1034154.3890527543,888933258970021.1,28.376404548014783,586.2214334682484,0.036868182550625,4766547533.649471,-12.187513888745757,-3.9474313263885645,-3.9474313263885694,-11.844530822890842
47,Ethiopia,1.1098720394334072e+17,65362296.38148498,5.618379591211496e+16,28.911364325863246,197.5430854066029,0.6577985007748537,3086194593.291893,1.5122340652200493e+17,133046539.02302234,1.1436347878071443e+17,52.60347937765571,132.23050586976927,1.0698918953020211,2668410177.7835355,36.268598009513774,103.55242454533787,103.55242454533787,-13.537202625409558
48,Falkland Islands,,6.942185163497925,5967328811.913729,0.7284079084287199,,,,206190491704.82144,72.90914233320828,62670876021.06751,0.37460978147762747,329.0052809147079,1.4587790411349237e-06,2067703115.2281344,,950.2333287876739,950.2333287876739,
49,Fiji,,325765.5844268799,280019952233735.28,37.4135129707724,,,,1180770681837267.2,390835.6814283376,335952580863763.25,32.81851872136116,351.46944809931307,0.008353845557130125,3797015323.038852,,19.974515452863344,19.97451545286333,
50,Finland,1.7041687378351214e+16,4213890.265101314,3622154724624461.5,11.870649079497356,470.48479907544714,0.10100260219075263,3303753817.851052,2.184985340526914e+16,5804531.997587529,4989430591826300.0,12.99005641220286,437.92278503810905,0.15458573252304744,7234223765.830477,28.2141428848529,37.747583169396364,37.747583169396364,118.96981932316083
51,France,5.169772248232321e+17,53418928.65773392,4.591757560097163e+16,52.86620674002908,1125.8809248027735,3.064018475472827,16958097997.328287,2.658156610404944e+17,79756889.01448706,6.855702787462771e+16,51.254962670679255,387.72926610324976,1.880621710172831,9506058427.18841,-48.58147075457424,49.30454619467545,49.30454619467545,-43.943840702618495
52,French Guiana,34046609187587.586,91335.78842175008,78509960332625.81,0.16534683151378338,43.36597425771349,0.00020178730235870788,5146854700.84746,93233342811398.8,107982.88547489203,92819388782080.31,2.357266736038848,100.44597797372957,0.0006596174503668235,6055593374.104899,173.84031783520177,18.22625866683572,18.22625866683572,17.65619443478386
53,Gabon,992112145757590.0,791385.5547332764,680255238209856.0,9.450130700892608,145.84410233553064,0.00588004615751042,583765243.9517154,3756439506930837.5,1240907.8231279715,1066653342065226.0,10.305063333746308,352.1706030243826,0.026576469053901455,2940180136.6490355,278.7967170635556,56.80192994503157,56.801929945031596,403.65796304451186
54,Gambia,3672282435498689.5,859410.9399414062,738728158700134.2,63.68763960046928,497.1087662287621,0.021764868333164315,4294420877.707007,2205862215863185.5,1748520.8330411732,1502984795061366.2,62.653021998051386,146.76543788808732,0.015606275253173619,2706068494.4977226,-39.93211974820136,103.45573366338405,103.45573366338405,-36.98641629316455
55,Georgia,1.1243103230955478e+16,4355307.855484009,3743713749877667.0,36.48020133319017,300.31952179364316,0.06663557767573773,4235572827.9652843,7393299742133914.0,2572128.734345617,2210937556825134.0,37.31335330917842,334.3965875160472,0.05230692559816517,3125653088.546228,-34.200507881921546,-40.94266537078641,-40.942665370786415,-26.204713848640107
56,Germany,3.0803873647832166e+17,79236299.7531128,6.810954236028193e+16,48.6855317633816,452.26957310750396,1.825682707886416,17708404255.33996,1.6809264655065328e+17,89353830.06165111,7.680631847524376e+16,45.78067697695928,218.85262812698537,1.1892402395937434,10600424525.774578,-45.43118017750335,12.768807150337494,12.768807150337508,-40.13901889224137
57,Ghana,3.0439012453820656e+16,16648458.295532228,1.4310598539382114e+16,46.252753514461844,212.7025810279974,0.18040581297472807,2687095752.052118,4.098793627124071e+16,33990771.1915915,2.9217617147012264e+16,65.22072828620321,140.2850070387484,0.2899859342566461,2686917086.02558,34.655933182536714,104.16768080389313,104.16768080389309,-0.006649038330749811
58,Greece,4.320385252668264e+16,6662394.648025513,5726827879576530.0,46.30942965502994,754.4115771448214,0.2560604142641337,8508596293.408042,3.030815937076871e+16,7782349.415858998,6689512999136998.0,44.57548078775967,453.0697432635038,0.21442748062674405,6571020015.222124,-29.847715141303496,16.810093472403327,16.810093472403324,-22.77198507686911
59,Guatemala,1.4014995139931152e+16,11539085.662155153,9918709558047014.0,27.812560058591252,141.2985737500584,0.08306401516448618,4864066946.589019,1.1678382971720722e+16,16822048.11101007,1.4459812005021482e+16,28.730313953670496,80.76441773700205,0.08262350107725558,4446171144.834472,-16.239937946824263,45.78319811058776,45.78319811058776,-8.591489515735411
60,Guinea,1.7820145047736422e+16,7768911.815673827,6677962373957831.0,23.74387205034159,266.8500367302152,0.10561636188236258,2952157325.6093125,2.1581736882438976e+16,10983286.604800897,9440958583321730.0,34.039093341166634,228.5968812591232,0.15268883242424686,2799895418.564964,21.11093646888684,41.374839429146924,41.3748394291469,-5.157648805621259
61,Guinea Bissau,1850645362633075.2,1092581.456115723,939155705140672.2,21.69228482235766,197.05415752714558,0.010968397272422806,2841259473.142857,2218515080869590.5,1783113.5536706338,1532719832896434.8,26.52140088039205,144.7436793896758,0.01569579312632597,3077097607.86133,19.877915329661942,63.20188702541663,63.20188702541661,8.300478606327383
62,Guyana,1518605260998788.5,280686.3550037145,241270973602317.97,1.3452125335202842,629.4189633859044,0.009000463372910703,5510003024.290029,4920095690941932.0,269599.7810626209,231741231806902.38,9.601089788576168,2123.0989636930844,0.034809231090050845,5742213045.893932,224.8540535278035,-3.949808654199445,-3.949808654199437,4.214335647008548
63,Haiti,1189467506141654.0,6032077.842529298,5185023311492120.0,19.415602664499406,22.94044664187546,0.007049731090259891,2656689056.9343066,1165351152236982.2,7588567.5851679165,6522942982020712.0,19.159929560553913,17.865419879478598,0.00824475378272737,2770571025.567089,-1.855558141047972,25.80354205087598,25.803542050875986,4.286612629187281
64,Honduras,1.1325776644647256e+16,5904062.23532486,5074984295929366.0,25.343493523688444,223.16870327523253,0.06712556612168646,3800178248.8715954,8727017913889581.0,8579579.322948815,7374791896523728.0,24.96769475541061,118.33578542064699,0.06174286078436785,3554812969.566312,-21.14052029794032,45.31654615047838,45.316546150478395,-6.456678167087071
65,Hungary,7.853689351783024e+16,10394645.911621094,8934977759481702.0,70.47537024774265,878.9825294695081,0.4654721353095477,11729088690.34091,3.4417214166869028e+16,10575816.969290012,9090707871377462.0,67.81735145418806,378.5977357740568,0.24349867089291435,5488595793.67536,-56.177011051429965,1.742926687539896,1.7429266875398866,-53.20526650808512
66,Iceland,,1053.1948093175888,905299928219.1664,,,,,1781826219241.5369,999.3887314942207,859049568874.1449,0.1054644655060888,207.4183241342833,1.2606259008758427e-05,6284907969.148356,,-5.108843810028956,-5.108843810028958,
67,India,1.105003469885005e+18,1013309517.8059949,8.710155287680882e+17,70.04875156800698,126.86380820877615,6.5491299899079936,4869216007.361669,9.463822686788476e+17,1485929388.6034744,1.2772677542088315e+18,76.45072595254378,74.09427393436846,6.695568777375104,4018288084.283204,-14.352596671090135,46.64121499823568,46.641214998235675,-17.47566593455629
68,Indonesia,4.6122183972490246e+17,170760448.9959736,1.46781412945714e+17,33.453872471493234,314.22359988827867,2.7335676899342616,7811412483.065916,3.271946840070863e+17,199918010.37269744,1.718445237661114e+17,43.93147301774042,190.4015774470729,2.314872734692356,5678728079.022514,-28.900359823247342,17.075125737934414,17.075125737934414,-27.302160891730818
69,Iran,1.3696154099052126e+17,53328808.82415009,4.584011084501881e+16,32.280573460131784,298.78099870564364,0.8117430940360596,3713821016.420003,1.4229226438814994e+17,69908024.20759745,6.0091189908245576e+16,29.92454842812397,236.79388709962112,1.0067048741618023,5324731534.7022705,4.0086750794505415,31.08866623688663,31.08866623688663,43.37609462491355
70,Iraq,4.353994095658437e+16,20844769.759251595,1.791764296580869e+16,46.46239252859471,243.0003825819578,0.2580523417788586,4188473802.257954,4.115126372866801e+16,42715826.037324294,3.671745616603304e+16,41.637799157873594,112.07547587879095,0.2911414612150758,5195798945.912328,-5.0563212786950285,104.92347255774129,104.92347255774136,24.049933011669715
71,Ireland,9289764175370242.0,2941134.57611084,2528125753260475.0,8.203829665848373,367.4565698873726,0.05505853584914228,20775117550.19305,4882491473587353.0,5300788.50703329,4556425280933141.0,9.261071662686158,107.15618434518551,0.03454318466045275,11068862196.230251,-47.435694389512555,80.22937644841465,80.22937644841468,-46.720579705565136
72,Israel,4513930247641042.0,4701844.944440842,4041588368117737.0,58.02735246023486,111.68703580130516,0.026753143101220525,5430662135.714283,5428920814088120.0,12622434.388415502,1.0849929039422256e+16,51.2202071255141,50.03646378112352,0.03840912271992855,8457504148.339834,20.27037451288145,168.45705329648217,168.45705329648217,55.73615034380036
73,Italy,1.5064301267802112e+17,46388921.41654587,3.9874757126627416e+16,53.78802002100397,377.79042064039385,0.892830383783672,9534455574.272518,1.0761445050624189e+17,58239586.83018999,5.006129284956056e+16,52.517675937576634,214.96538419340183,0.7613624839039379,7415941190.375272,-28.559573459403897,25.54632669130621,25.54632669130621,-22.219563218835283
74,Ivory Coast,3.753429942910246e+16,14866940.986755373,1.2779250798690248e+16,51.12682847617618,293.7128319991135,0.22245813044089627,2290155116.480892,6.615707995736988e+16,23090420.069898546,1.984794783158304e+16,73.39805427898492,333.3194974046508,0.4680553446793192,2809858996.4245186,76.25766555822409,55.31386107249156,55.31386107249156,22.692955433613445
75,Jamaica,624951839169561.2,1935099.841796875,1663363446512548.8,17.71566334573103,37.57157465975651,0.0037039619726981204,4270223505.940595,840851196853354.1,1394008.1306688874,1198254538919709.0,24.801638917793962,70.17300327620096,0.0059489460088144605,4352792916.527882,34.546559294981925,-27.961953147882344,-27.961953147882337,1.9336086383398576
76,Japan,1.0038135899977664e+17,99948796.18960571,8.591348648468034e+16,26.00055375396868,116.8400481776236,0.5949398228781788,10909558809.146078,6.11996003268097e+16,93539338.97718,8.04040773013095e+16,26.440931642951064,76.1150458794121,0.4329816256046903,7465466805.652283,-39.007388573060375,-6.412740780055807,-6.412740780055809,-31.569489323495144
77,Jordan,1811025298149609.2,4341746.698570251,3732056918423524.0,29.833636296907137,48.526197154426406,0.010733577238294085,2320844721.161827,2737154138547568.0,11081712.168678964,9525562737392220.0,29.071744462613346,28.734828734085994,0.019365117453549102,5163924438.910005,51.16015098216104,155.23626637012703,155.23626637012703,122.50193611940212
78,Kazakhstan,1.989236971924381e+17,12844471.064631462,1.104078621538059e+16,37.81803310513133,1801.716773714208,1.1789801448514454,2504242331.3128858,2.5596269552310307e+17,17059645.224268284,1.466404454365041e+16,42.18296720143278,1745.5122613763197,1.810912872141773,4023194164.876913,28.69168079889093,32.81703184527174,32.81703184527173,60.65514565308442
79,Kenya,4.946789893593584e+16,29474692.233419657,2.53357085765417e+16,26.06567321213985,195.2497155802388,0.29318613858542003,3085156917.221693,4.859066633394314e+16,64488025.69630553,5.543229468790182e+16,39.872755283242896,87.65768512294355,0.3437745603915212,2319230678.9937143,-1.7556314357133276,118.79117578430986,118.79117578430989,-24.826167964180122
80,Kosovo,3208394429717828.0,1442650.0411987302,1240065909163398.8,48.84957798589433,258.7277342284449,0.01901549882128919,5714840521.111112,3402378917356952.0,2085413.529637641,1792569334738275.0,46.89111295583957,189.80459229230976,0.024071522472263417,6377408832.600878,6.060736840380723,44.55435969106017,44.55435969106018,11.593819793258989
81,Kuwait,80170741482052.48,932506.5166015624,801559289007788.1,8.322296849872291,10.001847970758595,0.0004751556186587461,1639739431.818186,138727211809214.34,2647183.806130303,2275453020154455.5,4.754472028145285,6.096685388819747,0.0009814824502774827,7856399768.429189,75.57815097083575,183.8783170950623,183.8783170950623,379.12489118577867
82,Kyrgyzstan,3.598707589749643e+16,5194355.530448914,4464938155085625.0,26.835392460661932,805.992706898004,0.21328805242024806,6850641946.857735,2.251110699673125e+16,5273207.0674022185,4532716964962263.0,27.70015163610837,496.63606112495626,0.15926404175120068,4404737051.179332,-37.401743411924684,1.5180234870540563,1.5180234870540597,-35.70329488319405
83,Laos,3.0824496463084524e+16,5239445.559576035,4503696416872570.0,17.056080107907913,684.4266045021187,0.18269049800468792,7053754491.920624,1.6463006301725228e+16,6718838.42738655,5775345541220794.0,20.65652213110121,285.0566461213898,0.11647427749194972,3532215629.887301,-46.58623854520839,28.235675912438055,28.23567591243805,-49.92431854648324
84,Latvia,1.2297599427097608e+16,1881705.2710723882,1617466808382047.8,30.755667445008445,760.2999556695013,0.0728853613647582,6307797784.333593,8983238837620893.0,1373621.5785958718,1180730768421546.5,31.957605406799512,760.8202545301742,0.06355560059767867,4703284342.93196,-26.951281094532643,-27.001236606355356,-27.00123660635537,-25.436982862492762
85,Lebanon,3083001627300682.5,1515476.6316528318,1302665825652983.0,61.593340270551536,236.66865028529296,0.018272321279127996,5456281002.399997,3260968393564840.5,2721547.130198705,2339373874440552.0,60.33881373569199,139.39492225648124,0.02307105583290373,5929458210.677407,5.772516131299533,79.58357610770219,79.58357610770221,8.672156145720484
86,Lesotho,1972723291467328.8,1566598.6708374026,1346609052485060.0,24.048384222236272,146.49562082081843,0.01169192823555858,3322182501.104973,2901884248006429.0,2186447.818193824,1879415883323956.0,42.142721050548886,154.4035183353949,0.020530568047975463,2670021409.1545835,47.104573206770446,39.5665564445481,39.566556444548134,-19.63050168777536
87,Liberia,4812415758447212.0,2120253.843322754,1822517197374156.0,50.1496539730551,264.0532427008556,0.02852220579074957,743911146.9872423,1.3796979487262836e+16,8527278.572091222,7329835478605312.0,75.41659085472952,188.23041154926528,0.0976123794098157,2115182973.7123532,186.69550138192142,302.18196509563705,302.18196509563705,184.33274353780152
88,Libya,1856800070252260.0,2435406.972071648,2093414948018486.5,6.818969721218003,88.69718218119186,0.011004874968055849,114737615.95660225,6573710280814229.0,4668432.844835432,4012868162599417.0,6.9486914789243315,163.81575507718588,0.04650840444123512,3645603732.701304,254.03436191819733,91.6900500972242,91.6900500972242,3077.3396216287065
89,Lithuania,2.784983372493656e+16,3325416.3181152344,2858444731643902.5,59.42527815576728,974.3002345516758,0.16506027920519942,7129952917.094017,1.6919556015961124e+16,2378228.648582218,2044265890605060.0,57.740779280841714,827.6592635879323,0.11970432534166775,4659498919.092476,-39.247191983012,-28.483280856390916,-28.483280856390916,-34.64895247875541
90,Luxembourg,775229932570447.6,375400.7824707031,322685127592254.6,34.617525349079195,240.24346531087397,0.004594629554421065,9513959967.441864,521458165162986.4,831163.3334626922,714447222361193.6,32.24112479732836,72.98763979228681,0.0036892692571752093,6803380751.3438425,-32.73503211699069,121.40692621693123,121.40692621693123,-28.490546789917264
91,Macedonia,8190884780559512.0,2004969.4958190918,1723421654368695.8,42.936743805322756,475.26876314896384,0.048545702002026986,7203208239.331618,6839519879075650.0,2394951.9608209208,2058640831722643.2,39.36429855264403,332.2347334067221,0.0483889832577955,6723198777.709939,-16.452197280013472,19.45079293301216,19.45079293301216,-6.6638287506487535
92,Madagascar,2.6321636321942776e+16,14486115.762428286,1.2451902956489292e+16,13.665178092363336,211.3864556599784,0.15600296516483025,3582423591.952288,2.2565491230614176e+16,31951089.476914536,2.746435773711881e+16,18.768685775800122,82.16282152528298,0.15964880527691244,2908381093.4290104,-14.123554854816627,120.56353822453941,120.56353822453941,-18.815265175158967
93,Malawi,1.7272196931533846e+16,10616886.329425337,9126010066615782.0,62.30465247049585,189.26339994646682,0.10236878525610156,2670762907.577019,1.6511469963492012e+16,30760704.132879887,2.6441132255020224e+16,67.55748846987001,62.446153229149544,0.1168171535065394,2470026947.454486,-4.2262341012212445,189.7337616550038,189.7337616550038,-7.516053167918446
94,Malaysia,5.951110866802456e+16,20694261.494833827,1.7788269824421786e+16,29.66562264967381,334.5525408340774,0.3527101924403849,6342264888.338835,4.997160113628845e+16,33398428.86692836,2.8708454493289944e+16,38.16945778405964,174.06580053958797,0.3535445489597575,5055293841.040079,-15.546366429717873,61.389807871452845,61.38980787145286,-20.291978811308184
95,Mali,7.944750004299742e+16,10809041.012992144,9291181428742722.0,43.45508361390852,855.0850142396608,0.4708691142924272,2465612546.935325,7.97503354277683e+16,28072579.175921824,2.4130487245143e+16,48.28099022809097,330.49616701718486,0.5642263951339517,2659684107.0273557,0.3844278033462905,159.71387417421602,159.71387417421602,7.871129644163093
96,Mauritania,6361087837822066.0,1828936.4610691068,1572108058523477.8,13.287099987920806,404.62154006108165,0.03770086905831608,1513063773.0919418,6311654300611651.0,3270766.8091474227,2811469379972896.0,14.244167649973269,224.496640282545,0.044654382132239136,2290092956.4116282,-0.5942036175427866,78.83435968221072,78.83435968221072,51.354688225191545
97,Mexico,2.3409591545921504e+17,92712503.39087848,7.969335010221435e+16,17.468421671348246,293.7458585427324,1.387438702439966,6467004048.624482,1.6951650000427437e+17,108901276.15036608,9.360881444695091e+16,23.67792097044199,181.09031826307458,1.1993138737299067,5581879886.404515,-27.218084485232488,17.461261607008176,17.46126160700819,-13.686772971917806
98,Moldova,1.7482363038824906e+16,4022321.4749755864,3457486981852139.5,87.3376428929697,505.63785577754476,0.10361439687057487,6186802504.316546,9350273615092098.0,1729235.9203260974,1486407966214305.2,84.53405849721881,629.0516350572362,0.06615233838279981,3410260617.0535536,-46.51596243410021,-57.00900758220492,-57.00900758220492,-44.87846323405012
99,Mongolia,1.903499089764065e+16,2092688.708941221,1798822896988150.2,10.112784320179685,1058.1914945329968,0.11281650523535225,1780838168.1425805,2.933830435832917e+16,2670027.929781653,2295089257742065.0,11.583318376908837,1278.3077720991353,0.2075658443146688,2899063149.515116,54.294386346741284,27.58839469882418,27.5883946988242,62.792060580038424
100,Montenegro,2290870080745124.5,571119.8375244141,490920334340048.2,22.776373816956553,466.6480323787722,0.013577519308923246,7363520845.714284,1699611800937310.5,607708.3709778761,522370922983308.0,19.108071948862786,325.36493249483954,0.012024599450600923,6555180438.80902,-25.809332653884116,6.406454661434887,6.406454661434898,-10.977634528945961
101,Morocco,2.20532475728171e+16,23068095.880829003,1.9828758516763588e+16,33.865775010130804,111.21849889983223,0.130705096400315,1542343410.419346,2.159325960851872e+16,23028087.64345118,1.9794368436119548e+16,24.230519679255504,109.08789375222834,0.152770354666921,3760197979.540357,1.6011901693113877,-0.17343536971800075,-0.17343536971800835,143.79771418856717
102,Mozambique,2.5950566985717384e+16,17274762.667983532,1.4848954120331944e+16,15.376412262262347,174.76360136492406,0.15380371295934905,2229240457.241682,2.778379696080781e+16,33958984.13923811,2.91902937914856e+16,21.99697184334856,95.18162838399373,0.19656784536697855,2002928773.3591185,7.196879853988649,96.5814801159414,96.5814801159414,-10.151963784229329
103,Myanmar,1.2392818438289106e+17,45790861.29683685,3.9360679599228536e+16,32.69189523277284,314.8527557062812,0.7344970500602163,5223981610.627199,9.838065631846406e+16,40765710.53659589,3.504118563449441e+16,49.29076617567171,280.75721336785625,0.6960342269124992,3076793719.4117217,-20.61451925672381,-10.974134615345383,-10.974134615345378,-41.10251626551348
104,Namibia,4450599504278593.5,1779216.919817969,1529370383852531.0,4.375841010606103,291.00861055432466,0.02637779471368891,2194007542.0612926,1.5816483298624646e+16,2573789.6401733686,2212365229952023.2,12.325889265474295,714.912849130595,0.11190018584137587,3376713825.824271,255.40133279342385,44.65856363577589,44.65856363577587,53.906208665618976
105,Nepal,2.4816227454586064e+16,22940405.316625595,1.9718998900038444e+16,27.52648924784221,125.84932724215368,0.14708071412311607,5636078094.6992855,1.6232957403249084e+16,40492466.63212042,3.480631200530491e+16,32.034193250920296,46.63797014971014,0.11484670238526827,3491502056.699252,-34.412579515849835,76.51155711174086,76.51155711174087,-38.050857386397844
106,Netherlands,1.4511399596950084e+16,8866651.625,7621552070559374.0,41.57087237782663,190.39953361999446,0.08600610304492061,16553900472.58486,6793092475002564.0,10807660.039686667,9289994378613666.0,36.8249457293996,73.12267583972735,0.04806051358183644,9130714088.00186,-53.187889082523135,21.89110948279381,21.8911094827938,-44.842521536701526
107,New Caledonia,,69622.68518066406,59845919614169.31,23.984688568455468,,,,572546893376270.6,145037.623361922,124670715101324.1,21.288092760517312,459.2473003070067,0.00405071737895606,2421565375.5124445,,108.31949096126287,108.31949096126287,
108,New Zealand,4330969434697371.0,2157482.8432654403,1854518314999890.8,3.598314355707435,233.53608317950886,0.02566877171263833,5474409286.767417,2787025917072777.0,3259054.6667402983,2801401915163292.0,3.308856501553483,99.4868284335532,0.019717955766582702,5226691014.9558325,-34.877461636062385,51.05819621756913,51.058196217569154,-4.525022862473251
109,Nicaragua,1.7638433460922494e+16,4717731.040576935,4055243659203919.0,34.711575591123854,434.9537276481452,0.10453939440203357,4116926429.657228,2.2422906798747364e+16,4804309.701203824,4129664511412277.0,38.695846889447935,542.9716321212519,0.15864003334431914,5461829730.721147,27.12871415079196,1.8351758479284024,1.835175847928408,32.66765447581472
110,Niger,1.0648569368553752e+16,10542861.613089085,9062380271071050.0,23.872817387168485,117.50300748850871,0.06311189684179776,715219888.2204758,1.8283620440560176e+16,35355834.83732209,3.039099173029113e+16,24.80166875101436,60.161315572787416,0.12935495751636342,1620154366.9361515,71.70121316305466,235.35330477474358,235.35330477474358,126.52535166034401
111,Nigeria,1.8720085415325382e+17,119144992.85244752,1.0241405723114258e+17,62.50275912086556,182.78824139419885,1.1095012472667205,3171691813.7587056,2.09027680091011e+17,315833631.48371065,2.7148269378261053e+17,71.78459053550958,76.99484529882766,1.4788518918241291,3199909602.551197,11.659818586836758,165.08342811757754,165.08342811757754,0.8896762500720751
112,North Korea,2.320655785453859e+16,20164580.490516666,1.733296927513586e+16,31.87550931260464,133.88679969466278,0.13754053100259506,6205549368.585802,1.929803914671965e+16,20409102.78182188,1.7543154523684542e+16,34.69993717918882,110.00324440319949,0.13653187792256294,4643791159.175412,-16.84230264702768,1.2126326725230705,1.2126326725230667,-25.167122468099922
113,Norway,4084461938335197.0,2668947.5977783203,2294160631360299.5,5.555164490558628,178.0373127540488,0.02420777210389443,997161491.0309057,9156290644982616.0,5022807.731145872,4317479955499713.0,6.074159433137039,212.07488487165082,0.0647799264505468,7812874205.810134,124.18774627479478,88.19431806480377,88.1943180648038,683.5114247876613
114,Oman,1037118974427772.4,667347.6053727865,573635317888313.0,2.6987075379034704,180.79761515480808,0.0061467924433163965,1143266672.8971956,1446510962913036.2,1261533.1081853276,1084382321468403.0,2.5603959839131467,133.39492301518354,0.01023393396088444,8036924281.651093,40.359349495690175,89.03688243260027,89.03688243260025,602.9789700144423
115,Pakistan,1.826853989302849e+17,129189192.71616554,1.11047800328998e+17,42.559549504928185,164.51059668813642,1.082739065948041,5358948415.8744545,1.807021023699701e+17,224922362.1140333,1.9333763941417018e+17,45.10991734452656,93.46452295451272,1.2784509966817534,5555972787.83348,-1.0542075885488096,74.10307889158952,74.1030788915895,3.676549141159733
116,Panama,9051119650481718.0,2082839.7537384038,1790356981319688.0,35.38718348942073,505.5483205260023,0.05364413846717077,3520038590.972223,8863558583397154.0,3373291.7340099555,2899597242261607.5,38.29233055526385,305.68240492889333,0.06270887364603425,3991096467.8185,-2.017107464972141,61.9563736459021,61.9563736459021,13.382179333328637
117,Papua New Guinea,2.123016589506739e+16,4541411.434844972,3903683734106865.5,13.935501994324314,543.8495365179654,0.12582685932070167,3692587454.2193656,1.4434555798048368e+16,6609096.831136825,5681014408624437.0,17.187138373456722,254.08412582328685,0.10212317402312672,2850735297.0510826,-30.21509482862029,45.52957656351254,45.52957656351256,-22.798435178734454
118,Paraguay,3.5441187447311496e+16,5704727.678309202,4903641294082632.0,20.947278902581356,722.7524470454114,0.21005268301401211,3903623926.0101523,4.4554168898443e+16,8509815.498798579,7314824657379789.0,30.466323281226305,609.0941476429396,0.3152167068755009,4049003900.5618477,25.74389825238368,49.17128351551329,49.17128351551332,3.7242310557381613
119,Peru,2.4757120138414744e+16,15456971.437288642,1.3286426223207384e+16,5.496586768232431,186.3339300012182,0.1467303971263732,4795907029.058391,2.136736774234441e+16,11542185.861530285,9921374411924894.0,7.97933695900413,215.3670132301642,0.1511721901870105,4216369421.3900094,-13.469863552782137,-25.32698977701588,-25.32698977701587,-12.084004217699896
120,Philippines,1.0345750755899133e+17,50368466.69346619,4.32954747580362e+16,65.17290885903627,238.95686128210957,0.6131715274217506,6997625192.293233,8.437324611178848e+16,91666862.82167771,7.879454360994363e+16,65.25860312899805,107.08006195132126,0.5969330692348198,5838709932.2719755,-18.442045538515078,81.99256169449522,81.9925616944952,-16.56155092870102
121,Poland,1.5558857046520822e+17,37130409.63464356,3.191637186169873e+16,60.409693740437206,487.4882744799775,0.9221416951990656,8426507520.300752,1.0988269522353654e+17,37972290.55193453,3.264003165117912e+16,58.91229785214567,336.6500878364406,0.7774101097008221,6165728252.129285,-29.37611362133591,2.267362319928396,2.267362319928402,-26.829374598253214
122,Portugal,1.831749367991876e+16,7393933.918613434,6355640748092142.0,52.597282913697796,288.2084498784386,0.10856404569624603,3722322056.6322474,2.5311835928032668e+16,9493414.955298277,8160302160200515.0,51.416210739111825,310.18258185933036,0.1790789451015048,5692020505.172151,38.18483190489335,28.39464160478396,28.394641604783963,52.915852485960805
123,Puerto Rico,368807762416524.06,2525429.521972656,2170796081349646.0,18.860240747164102,16.989516684000357,0.0021858483191951263,2960030561.7283945,161813096688226.66,1317230.8026805494,1132258667214133.5,7.8588771616867374,14.291177570436249,0.0011448129934519395,4076495342.7133174,-51.311099280463544,-47.84131605258031,-47.84131605258031,37.71801532795683
124,Qatar,,222671.68753433228,191403015812323.7,7.727857011691254,,,,109911162957749.05,1439927.553300577,1237725726628343.5,4.915223113178674,8.880090361954034,0.0007776115163402574,8604645846.098495,,546.6594694839972,546.6594694839972,
125,Republic of Serbia,5.049452883688074e+16,7914610.037261963,6803200922779452.0,62.51701034211807,742.2172211290676,0.29927076443144945,10031696185.224491,3.3276223551371736e+16,7422721.070188975,6380385463907688.0,59.594987554732754,521.5393919318411,0.2354262656997501,7236396270.565259,-34.09934834946506,-6.214948869965494,-6.2149488699654984,-27.86467874472095
126,Republic of the Congo,4358054720377776.0,2154384.1823272705,1851854783523963.5,18.097120784841206,235.33458234153062,0.02582930067165891,1028589679.0128256,1.2354161583563438e+16,6685022.811518061,5746278483210637.0,15.179356223954521,214.9941326313993,0.08740457350815448,3742860485.8155704,183.79444190315263,210.2985468588325,210.29854685883248,263.8827573506014
127,Romania,1.0591504917877075e+17,21778050.56193638,1.8719867811776464e+16,58.271556355413225,565.7895143476427,0.6277368749180979,7214606838.020833,7.043232323831397e+16,16674143.913564188,1.4332677254501938e+16,55.53261508381879,491.41079498033736,0.49830230341358706,5398687715.25255,-33.49918409932265,-23.436012483563548,-23.436012483563548,-25.170035783494477
128,Russia,8.952851703671722e+17,129711293.73415405,1.1149658531153546e+17,24.645716592078728,802.97093212822,5.306172440690814,2252455890.595518,7.586568258014344e+17,126267615.90468496,1.0853648594126957e+17,24.877980096857826,698.987828122566,5.367428283150083,4410846887.310903,-15.246890743479982,-2.6548789471848058,-2.654878947184794,95.8238962959108
129,Rwanda,3038773130109210.5,7270383.648193358,6249440024395807.0,72.67452799397925,48.62472666745845,0.018010188005107255,1723581671.2177124,4039355216677977.0,18080338.98520125,1.5541407383204368e+16,81.23725670139119,25.99092293947147,0.028578072058843933,2128823044.5135086,32.92717303093979,148.68479931859022,148.68479931859022,23.51158521020316
130,Saudi Arabia,2.0326795137155544e+16,6884714.559170723,5917928517199174.0,6.826976730157273,343.47821333225176,0.12047276525323047,1941393535.7556942,2.536063939629119e+16,13338990.329513475,1.1465862612491546e+16,7.216947530885518,221.1838764635284,0.17942422521622586,7906667595.028944,24.806112979513944,93.747906538048,93.747906538048,307.2676378800884
131,Senegal,1.975130087783536e+16,7190726.768310548,6180968961870538.0,31.83788806707233,319.5502355646525,0.1170619282599983,3390056183.28132,1.7191991923946246e+16,12346091.845390847,1.0612391898001838e+16,35.171298601524434,161.99921835890032,0.12163178469896055,2931723806.270978,-12.933684386077475,71.69463175544284,71.69463175544283,-13.519905046727288
132,Sierra Leone,8466281479341677.0,3202262.00201416,2752584360381321.0,68.20975517857433,307.57573141804903,0.050177922016054304,1840641723.0862696,1.289771899153606e+16,8785986.438597942,7552214292957826.0,82.46384196292081,170.7806279221013,0.09125019290528567,2239100695.0157323,52.342194421569964,174.36813206014148,174.36813206014148,21.64782895724824
133,Slovakia,1.892275192378677e+16,5053809.128814697,4344127981900893.5,41.91663460570177,435.5937947184189,0.11215128774985474,7767542386.476426,1.3695507496722184e+16,5838557.894092145,5018678401814256.0,40.646871837269906,272.8907174400984,0.09689447427345832,6813831583.301353,-27.624123848993104,15.527867105291733,15.527867105291731,-12.278153831970325
134,Slovenia,7831237731363174.0,1901337.828109741,1634342463597430.8,28.998798812865747,479.1674881973914,0.046414147360014174,11840046012.861738,4645253443235317.0,2760252.9934188183,2372644466817981.0,29.95974852026458,195.78379770759312,0.032864747097322435,7725474951.693314,-40.68302351962031,45.174253234260185,45.174253234260206,-34.751309722097375
135,Solomon Islands,,108502.29959106444,93265864170989.23,5.059833506763789,,,,70115148971039.14,172089.13800724747,147923520802579.75,6.388744363510232,47.39959445977191,0.0004960583242190943,2746899568.9845424,,58.60413894989892,58.60413894989892,
136,Somalia,2.028287778565521e+16,3761369.5924453735,3233179267426232.0,18.049401584752953,627.3353905860397,0.12021247607620365,2496247379.2098627,1.1478867201836294e+16,6204102.105353856,5332891067209541.0,21.46078152313009,215.2466093376001,0.08121194508804944,1748703001.6522756,-43.35541060216628,64.94263466729396,64.94263466729396,-29.946726585816478
137,South Africa,1.0899273587920272e+17,40393292.4071891,3.472106432090957e+16,15.68051925153365,313.9095474488827,0.6459776957106675,5934180506.540188,9.527979863018088e+16,57505314.41207367,4.943013063575822e+16,25.90516138887125,192.756517947081,0.6740959398081389,4299404892.143372,-12.577441140728931,42.36352370681974,42.36352370681973,-27.548464570551825
138,South Korea,4.253433025386242e+16,37682752.725097656,3.2391152173675816e+16,38.626646037134755,131.31465662536678,0.25209229242982434,12038725382.020685,3.5119196535216896e+16,41892859.64755872,3.6010054831550284e+16,43.09412634132443,97.52608458803884,0.2484651325261604,9085989001.791805,-17.433291354040374,11.172503646892617,11.172503646892617,-24.526985096268287
139,South Sudan,7019148905936682.0,5727653.576472758,4923347822996572.0,6.092730485119746,142.56861709324676,0.041601062672032806,2391048407.7422423,6458749720903348.0,7795232.550222882,6700587019357835.0,11.173650761704817,96.39080430183468,0.04569506889909378,1852378854.4879754,-5.348932302193024,36.098184817654314,36.09818481765432,-22.528592541667013
140,Spain,1.82743083310219e+17,30947154.20230484,2.6601400073446184e+16,54.972105273451454,686.9679144919713,1.0830809494921851,6586115609.891618,1.7078761871691094e+17,46726489.49361111,4.016492220647077e+16,54.09282742726836,425.2158583526304,1.2083069234164228,6448264397.5032,-6.541510399487794,50.988000990834465,50.98800099083447,-2.093057889560592
141,Sri Lanka,2.3440388952824148e+16,13038133.22982788,1.12072533710293e+16,47.89016543141711,209.15373443253682,0.13892640018770666,8039654168.950438,2.7871671059791784e+16,16432667.05588486,1.4125109784562228e+16,68.24933332928839,197.32003138307357,0.19718954665299107,6899263484.100687,18.90447345343101,26.03542827964943,26.035428279649445,-14.18457387450817
142,Sudan,6.505838849505045e+16,22181250.200667147,1.906644814123846e+16,42.603262198416,341.21923503065517,0.38558778754998907,1439125475.8879778,7.322752996541456e+16,44089094.628975175,3.7897883515701336e+16,45.334132877123295,193.2232704633121,0.5180781376696647,2070994605.8928566,12.568613412792105,98.76740143190449,98.76740143190445,43.906465460560256
143,Suriname,498843536472397.06,332554.76483154297,285855761980073.6,0.9488703504470982,174.50882676528676,0.002956543806439925,4766677624.036982,394756694836705.5,381878.08198399714,328252852321394.3,4.193605249540832,120.25994352981186,0.002792867837959645,4916348026.393563,-20.730338097918626,14.8316374830591,14.831637483059087,3.1399312930632854
144,Swaziland,2370858258137237.0,1170810.430847168,1006399376095454.4,31.386189031815253,235.57827185222416,0.014051592907489668,4198048906.382979,3168544285151665.0,1628908.939364135,1400169401553926.2,46.339584209710615,226.29720958301002,0.02241716364256095,3776693937.260879,33.64545409986508,39.126616610811965,39.126616610811936,-10.036923783366248
145,Sweden,3.452801867196825e+16,6285469.560706378,5402832497644184.0,10.997863086018288,639.0725362487847,0.20464051809739844,4181380736.2644525,3.363307335742537e+16,10900303.552923346,9369628426504086.0,12.752438839262565,358.95845412915963,0.2379509457351872,7918519167.98858,-2.5919393842004617,73.42067203803852,73.42067203803853,89.37570308564626
146,Switzerland,1.2169262212804322e+16,7323201.9056396475,6294841278040201.0,16.81326849157975,193.32119231119088,0.07212473289448121,12415297556.462584,6767874544371375.0,10526646.421305373,9048442097593566.0,16.005634445164436,74.79601981617691,0.04788209900819918,9152394247.633795,-44.371073634582864,43.74376887244813,43.74376887244812,-26.281313790424107
147,Syria,1.925472833488352e+16,14398692.700757146,1.2376756278253324e+16,48.36938201620713,155.5716853592341,0.11411884416855266,2696922385.8542557,2.117398594205596e+16,22844516.649230056,1.9636575398761924e+16,47.625429118811276,107.82932111161787,0.14980403147675536,3907469068.7479033,10.090248809998878,58.65688034323277,58.65688034323276,44.88622621263175
148,Taiwan,1.11106269455293e+16,15743958.159973145,1.3533112835358916e+16,28.96081909496259,82.09956630598529,0.06585041777580866,11743800398.963728,6240242957423743.0,16179586.530375985,1.3907568091847938e+16,33.87246989547742,44.869404314342525,0.04414915335141375,6141796140.2368145,-43.83536601474425,2.7669558441178173,2.7669558441178177,-47.70180068132999
149,Tajikistan,1.2516224418643118e+16,5861997.344711304,5038826367580219.0,27.99260680610291,248.3956283783152,0.07418110705940574,3282808115.9207163,9302906440720450.0,5066268.693063526,4354837911840081.5,31.736977710992733,213.62233518330018,0.0658172199171527,3199900932.673292,-25.67028827408325,-13.574360492771001,-13.574360492771005,-2.525495865729925
150,Thailand,2.301467358776977e+17,59542832.57894135,5.11815303140435e+16,69.105018487989,449.6675548103895,1.364032721248306,6817886315.228342,1.761370845020528e+17,68512403.62900591,5.889154934940275e+16,72.09881088063787,299.08719748063334,1.2461539090078095,4962488837.874047,-23.465888402924765,15.06406507982768,15.064065079827685,-27.21367578702659
151,The Bahamas,,5025.09846496582,4319449013022.995,2.1158515435310443,,,,7715510173001.023,4516.365713189409,3882155057914.786,2.089836975372876,198.74296770477886,5.458653519363036e-05,3925909249.0474205,,-10.123836484463233,-10.123836484463233,
152,Togo,8900971594647637.0,4563354.041992188,3922545050645434.5,49.60428125464549,226.91827575525303,0.05275424159156033,2824235044.571429,1.0512862976018392e+16,9416302.867650293,8094018537460499.0,65.47400648409354,129.8843451786411,0.07437755274231367,2726717164.668272,18.109632589674,106.34609502136044,106.34609502136044,-3.4528953279083354
153,Trinidad and Tobago,281420424491387.5,692438.9331054689,595203195924133.2,27.429760665972942,47.281403463307065,0.0016679214066187382,3370883997.4999995,197127828884136.75,495874.63799755595,426241441956749.1,23.23652760697505,46.24792652239089,0.0013946615230555075,3139458494.1442065,-29.522046308431825,-28.38723903440207,-28.38723903440206,-6.865424723230722
154,Tunisia,7531868691293606.0,7199874.489059447,6188832113933275.0,51.86021054907628,121.70096962780224,0.04463984817290519,1157407606.363637,1.250070789974784e+16,9245101.976389278,7946858531354813.0,44.75262510642314,157.30376790307187,0.08844137541321699,3613793280.9644647,65.97086874599805,28.40643250708953,28.40643250708953,212.2316858032705
155,Turkey,2.6216299791619635e+17,51480927.234375,4.425171802748789e+16,57.32493838388129,592.4357507506222,1.5537865705307026,5814598118.545744,2.0365801264461146e+17,76499406.78455459,6.575697758683352e+16,55.87821317159501,309.71315914828443,1.4408619813102823,4747836841.788336,-22.31614968859329,48.59756980731728,48.597569807317285,-18.346259793173974
156,Turkmenistan,2.9226169443497188e+16,2741409.855224609,2356447376304693.0,24.58930738872434,1240.264040579966,0.17321754004307266,4349011917.313117,2.255350947062927e+16,4049664.068051892,3480989991295705.0,27.164950576279978,647.9050364127686,0.15956403541096292,4560738595.67275,-22.82877363483841,47.72194899401845,47.72194899401845,4.8683857939493125
157,Uganda,2.735814201178794e+16,23529453.93838501,2.0225330369087296e+16,54.72697167910186,135.26672500540482,0.16214612279562182,2096514800.2704792,2.3437729920031148e+16,73274755.45250091,6.298514791808347e+16,57.28519046615472,37.21151842099908,0.1658198149508698,1879594929.450057,-14.302040888995245,211.41715249482866,211.41715249482866,-10.346689219290823
158,Ukraine,2.854373408527028e+17,46235532.08137512,3.974290748884802e+16,78.30219306544859,718.2095092886632,1.6917288498764318,6250075300.664932,2.075064831440173e+17,36966133.71810583,3.177516439074082e+16,75.93798517144495,653.0461356306438,1.4680895612948937,4708459377.22353,-27.302264474535047,-20.048213886573286,-20.04821388657329,-24.6655576018003
159,United Arab Emirates,607588247804967.0,770094.9664535521,661954380789312.1,9.758483477339082,91.78702723901924,0.0036010515112945866,1672512385.7677908,1164093652731158.2,3501948.8070157208,3010187645790538.0,7.039186924597455,38.67179690140024,0.008235857087694703,8330221673.699799,119.37758658866464,354.74246158794205,354.7424615879422,398.06636677764817
160,United Kingdom,1.3201374657584685e+17,48930374.3016243,4.20593264903187e+16,35.47435481618621,313.87508453382867,0.7824185265861351,17596256581.98052,6.513827156841498e+16,74461714.95598158,6.400542863328787e+16,38.162806304988266,101.76991695754059,0.4608473676651925,10020855778.971962,-50.655135691761636,52.178919574522325,52.17891957452234,-43.05120675931811
161,United Republic of Tanzania,7.1896268244421416e+16,31683782.71878529,2.7234587530499864e+16,30.193845041392798,263.9888273097773,0.4261145049354561,2559087662.3910336,1.4040547287992376e+17,75934085.29934788,6.527104137118695e+16,65.09516474029199,215.1114336930189,0.9933559952468036,2470807100.693219,95.29160684709328,139.66230917978942,139.66230917978942,-3.449688847912746
162,United States of America,2.4737929064587817e+18,242453711.47114512,2.084071490378096e+17,26.39349752749481,1187.0000227343367,14.661665554947882,11415874237.922241,1.6672984795493683e+18,383471670.88957566,3.29622661504907e+17,31.222646510159038,505.82034376436445,11.795985630436661,8692271669.910986,-32.5646359931416,58.16283799607388,58.1628379960739,-23.85802883990922
163,Unknown,7.689175712482603e+16,53347329.60439581,4.585603084469853e+16,25.799203809563302,167.68079510683506,0.4557217477473854,5333275225.782798,6.354152933009593e+16,60496772.96546088,5.200151362178604e+16,28.707709473531658,122.1916919423576,0.4495505610467316,5224400309.594686,-17.28254270697286,13.401689295570595,13.401689295570593,-2.041426920211717
164,Uruguay,3.480815623124396e+16,1733165.9728739262,1489786141133105.0,21.6202585417594,2336.453217692674,0.20630083622376874,8745299348.08904,1.5119456907501344e+16,2033628.47759166,1748056198625850.8,19.621304870618264,864.9296812875218,0.10696878729781824,4459722164.163626,-56.563465163000956,17.336049138993207,17.336049138993207,-49.00435094725337
165,Uzbekistan,7.076657898974693e+16,20449980.99006653,1.7578292409536436e+16,47.14583023636089,402.57937085717833,0.4194190673384723,6383673211.652403,3.737510609903344e+16,25460371.752554104,2.188509904920169e+16,47.34308355536243,170.77878429979862,0.2644254882301594,4026328211.402746,-47.176543430025404,24.50071110052057,24.500711100520554,-36.92772048460579
166,Vanuatu,,17145.465801239014,14737813766100.025,23.43094990337446,,,,105766862504639.52,54438.23351820745,46793744576413.17,10.173925969971759,226.02778098240145,0.0007482909662451688,3597146902.258194,,217.50804643798875,217.5080464379887,
167,Venezuela,8.695233118317691e+16,21421509.95474863,1.8413394419353056e+16,19.735620636119865,472.2232588022298,0.5153487164193415,5682315922.620475,8.653725726376987e+16,31122728.699752644,2.675231952208988e+16,25.274077903068648,323.47571653483914,0.61224325200412,5433924110.020992,-0.4395575439606129,45.287277906632745,45.287277906632745,-4.371312964326232
168,Vietnam,1.3449577450232774e+17,72730212.48258972,6.251707239472206e+16,47.06923399991784,215.13447343334397,0.7971289994236519,8593267212.791002,8.379318366609322e+16,86451961.72888075,7.431194500310267e+16,49.97713125238688,112.75870072112188,0.5928291800043645,5149154005.566976,-37.69746716260606,18.866642593098106,18.866642593098106,-40.079205288734585
169,West Bank,1062603292216039.2,1599216.3837890625,1374646423095483.5,50.57424750452846,77.30011691466281,0.006297832792462859,4854118774.0740795,1155124666257619.5,2449143.014563904,2105222106743767.5,43.137935021389744,54.869491563733284,0.00817240232128117,6456375491.375546,8.707047561336731,53.146443432569725,53.14644343256971,33.00818937227377
170,Western Sahara,,174.47637020051482,149975525915.1075,0.3399236906000693,,,,30591609318122.395,4990.719706296319,4289897891539.658,1.4623655913978493,713.1080993431982,0.00021643286331433326,3412370733.413088,,2760.3986319527376,2760.3986319527367,
171,Yemen,5886946666665362.0,14663214.431109905,1.2604132544621296e+16,11.335676844518813,46.70648016294914,0.03489073112834594,1202303441.6467211,6210970998339943.0,36078367.54981975,3.1012062786636308e+16,10.942445444994004,20.027597135577732,0.0439420568939033,3071259307.0963287,5.61202061420128,146.04678407535818,146.04678407535818,155.44793441577568
172,Zambia,4.1397213166334616e+16,10346346.888355257,8893461126557968.0,17.363928248361088,465.47921644041145,0.2453528315838415,3191149479.382275,4.049136866481086e+16,23400488.8706351,2.0114475220976164e+16,21.06573159510357,201.30462375963398,0.2864727634466001,2929112779.2712264,-2.1667269327907794,126.17150887307086,126.17150887307086,-8.211357750680245
173,Zimbabwe,4.375824213301574e+16,12044921.053649902,1.0353513014691114e+16,37.36844439072327,422.64149444661933,0.2593461682874285,2875714022.106857,4.823741428497715e+16,9427769.163986122,8103874679133371.0,51.181078565713094,595.2388973781077,0.3412753341614035,2493001074.5359893,10.344912469451204,-21.728261048840327,-21.728261048840327,-13.30844947128912
174,Africa,1.3635610402197028e+18,733493489.803519,6.304926664978598e+17,24.88733451977633,216.26913565763599,8.081547927177397,2384412607.6614976,1.674856115421999e+18,1550823931.6711006,1.3330494810661862e+18,34.551928952982806,125.64095625936052,11.849455219263804,2786065140.4758763,23.01545455321414,111.42981542842595,111.42981542842595,16.844925728198408
175,Asia,7.48875428486077e+18,3517987989.9486237,3.023974526460089e+18,34.44847374261248,247.64607701994174,44.3843178873797,4937351054.01377,6.314195642972457e+18,4366418386.404601,3.7532640844937354e+18,37.19714304189064,168.2321174536845,44.672361899112175,5314821488.1093855,-15.608759994695651,24.116921344815825,24.116921344815808,7.645201444380881
176,Europe,2.5394318428930355e+18,512063049.0107875,4.401565953534477e+17,46.71217218011904,576.9382691752833,15.050694131620109,9083797545.037424,1.6591031913279283e+18,614879817.3575318,5.285353190051003e+17,45.824964666016655,313.90583214968046,11.738004709034085,7164329430.255853,-34.66507152728344,20.07892749640253,20.078927496402525,-21.13067915995329
177,North America,3.2295537706982753e+18,415407627.5510652,3.5707401145220685e+17,26.28310044634555,904.4494046384946,19.140905915799184,9475243820.17325,2.3514610859586473e+18,601930741.5646642,5.174046171804463e+17,32.06102798549223,454.4723815517417,16.63637406302683,7931064665.6897955,-27.118944720404304,44.90122512029951,44.90122512029951,-16.296985954027104
178,Oceania,3.342906611736874e+17,19719638.46883613,1.6950508236849818e+16,26.215582777244787,1972.1571560134767,1.9812725064715,3930828141.87445,3.636044976224085e+17,39945777.87845996,3.433639201987722e+16,29.732080146725195,1058.9478865802764,2.5724688660876773,5407855888.316235,8.928322061574143,102.5685102776511,102.5685102776511,37.57548519374978
179,South America,1.8400397352233487e+18,309053283.40658075,2.6565447608421165e+17,24.77466346122,692.6439796331766,10.905539883804783,4825606234.205547,1.707694622760491e+18,378782275.7771751,3.2559177470116525e+17,34.932404083218344,524.4894851314497,12.081784682428994,4097634389.260801,-7.15449312377644,22.562126375748953,22.56212637574895,-15.085603955512008
180,World,1.6872523092193604e+19,5561072407.793808,4.780158814929361e+18,5668.414938850869,67045.96271615318,99.99999999999979,870212190636.3298,1.283983672380648e+19,7518675092.208372,6.46286514238501e+18,5707.912296810925,46557.66364086687,100.00000000000017,837411519760.9967,1831.123133618882,11895.282231660673,11895.282231660674,8694.047731938044
